receipt_id,name,quantity,unit_price,line_price,category
0,Nasi Campur Bali,1.0,,75000.0,Original Hugarian 
0,Bbk Bengil Nasi,1.0,,125000.0,Original Hugarian 
0,MilkShake Starwb,1.0,,37000.0,TWIST DONUT
0,Ice Lemon Tea,1.0,,24000.0,ICED TEA
0,Nasi Ayam Dewata,1.0,,70000.0,autre
0,Free Ice Tea,3.0,,0.0,ICED TEA
0,Organic Green Sa,1.0,,65000.0,autre
0,Ice Tea,1.0,,18000.0,ICED TEA
0,Ice Orange,1.0,,29000.0,ICED TEA
0,Ayam Suir Bali,1.0,,85000.0,GONG GIBAB
0,Tahu Goreng,2.0,,36000.0,Original Hugarian 
0,Tempe Goreng,2.0,,36000.0,NASI PUTIH
0,Tahu Telor Asin,1.0,,40000.0,Original Hugarian 
0,Nasi Goreng Samb,1.0,,70000.0,Original Hugarian 
0,Bbk Panggang Sam,3.0,,366000.0,Original Hugarian 
0,Ayam Sambal Hija,1.0,,92000.0,GONG GIBAB
0,Hot Tea,2.0,,44000.0,ICED TEA
0,Ice Kopi,1.0,,32000.0,ICED TEA
0,Tahu Telor Asin,1.0,,40000.0,Original Hugarian 
0,Free Ice Tea,1.0,,0.0,ICED TEA
0,Bebek Street,1.0,,44000.0,6001-Plastic Bag S
0,Ice Tea Tawar,1.0,,18000.0,ICED TEA
1,SPGTHY BOLOGNASE,1.0,,58000.0,autre
1,PEPPER AUS,1.0,,165000.0,autre
1,WAGYU RIBEYE,1.0,,195000.0,autre
1,ICED LEMON TEA,1.0,,22000.0,autre
1,FUSION TEA LYCHE,1.0,,28000.0,autre
1,NUTTELA BROWNIES,1.0,,35000.0,autre
2,HAKAU UDANG,4.0,,92000.0,autre
2,SIAO MAI BABI,4.0,,80000.0,autre
2,CEKER AYAM,3.0,,60000.0,autre
2,BAKPAO BKR C CRISPY,2.0,,42000.0,autre
2,TAHU GORENG CRISPY,3.0,,60000.0,autre
3,Bintang Bremer,1.0,,59000.0,autre
3,Chicken H-H,1.0,,190000.0,autre
3,Ades,1.0,,10000.0,autre
4,BASO BIHUN,1.0,43636.0,43636.0,autre
5,Lasagna,1.0,,45000.0,autre
5,Spaghetti ChickPesto,1.0,,55000.0,autre
5,BangBang Chick Wings,1.0,,49000.0,autre
5,Iced Cappuccino,1.0,,33000.0,autre
5,Gypsy Gelato Ice Tea,1.0,,39000.0,autre
6,BASO TAHU,1.0,43181.0,43181.0,Original Hugarian 
6,ES JERUK,1.0,13000.0,13000.0,Original Hugarian 
7,PKT AYAM,,,33000.0,GONG GIBAB
8,Kimchi P,1.0,36000.0,36000.0,autre
8,Fre ice grentea,1.0,0.0,0.0,autre
9,THAI ICED TEA,2.0,20000.0,40000.0,ICED TEA
10,Viet Milk Coffee,1.0,,25000.0,ICED TEA
11,Ayam Bakar,2.0,,55000.0,autre
11,Nasi Putih,2.0,,20000.0,NASI PUTIH
11,Nila Bakar/Goreng,1.0,,27500.0,autre
11,Sop Gurame,1.0,,87000.0,autre
11,Teh Poci,1.0,,25000.0,autre
12,NASI + AYAM KATSU TER...,1.0,,31819.0,autre
12,TEH PANAS,1.0,,5455.0,NASI PUTIH
12,ES TEH MANIS,1.0,,7273.0,NASI PUTIH
12,CH CORDON BLEU NASI,1.0,,42728.0,autre
13,BLACK PEPPER MEATBALL,1.0,,76500.0,TRIPPLE CHEESE
13,GREEN TEA WITH CRUMBLE,1.0,,56000.0,ICED TEA
13,EARL GREY MILK TEA,1.0,,57000.0,ICED TEA
13,ORIGINAL BREWED TEA,1.0,,23000.0,ICED TEA
14,4005-Maple glazed,1.0,25000.0,25000.0,6001-Plastic Bag S
14,6001-Plastic Bag Small,1.0,0.0,0.0,6001-Plastic Bag S
15,BLACK PEPPER MEATBALL,1.0,,76500.0,TRIPPLE CHEESE
15,QUARTO FORMANGGI PASTA,1.0,,82500.0,autre
15,GREEN TEA WITH CRUMBLE,1.0,,56000.0,ICED TEA
15,ORIGINAL BREWED TEA,2.0,,46000.0,ICED TEA
16,- TICKET CP,,,30000.0,autre
17,RB. COKLAT BAR,1.0,,8000.0,6001-Plastic Bag S
17,RB. CREPES TUNA,1.0,,9000.0,autre
17,RB. SISIR PANDAN,1.0,,7500.0,autre
18,KING DEAL FISH,1.0,,25000.0,TRIPPLE CHEESE
19,UDANG RE,2.0,216000.0,432000.0,autre
19,AYM GR JUN NJAN,1.0,,108000.0,autre
19,SAPO TH SEAFOOD,1.0,,172000.0,Original Hugarian 
19,POCAI 3,2.0,111000.0,222000.0,autre
19,GURAME FILLET M ASAM MANIS,1.0,,163000.0,GONG GIBAB
19,BIHUN GORENG JJ,1.0,,116000.0,Original Hugarian 
19,ICED TEA,5.0,12000.0,60000.0,ICED TEA
19,NASI PUTIH,7.0,10000.0,70000.0,NASI PUTIH
20,BUBUR UNGU,,,26000.0,autre
20,SENDOK BEBEK,,,0.0,Original Hugarian 
20,WAJIK,,,7000.0,autre
20,CENTIK MANIS,,,5500.0,autre
20,PLASTIK SEDANG,,,0.0,Original Hugarian 
21,1001-Choco Bun,1.0,22000.0,22000.0,6001-Plastic Bag S
21,2001-Hokkaido Milk Toast,1.0,22000.0,22000.0,TRIPPLE CHEESE
21,6002-Plastic Bag Medium,1.0,0.0,0.0,6001-Plastic Bag S
22,Ice t grentea,1.0,22000.0,22000.0,NASI PUTIH
23,S-Lemon Macchiato,1.0,21000.0,21000.0,autre
24,1001-Choco Bun,1.0,22000.0,22000.0,6001-Plastic Bag S
24,1032-Double Cheddar,1.0,26000.0,26000.0,autre
24,6002-Plastic Bag Medium,1.0,0.0,0.0,6001-Plastic Bag S
25,CRISPY CHOCO,,,14000.0,TRIPPLE CHEESE
26,Pepenero Pastel,1.0,15000.0,15000.0,TRIPPLE CHEESE
27,MEGA,,,30000.0,autre
28,A.MINERAL BOTOL,1.0,8000.0,8000.0,Mineral Water
29,AMBUSH DBL CHS BURG,11.0,,18150000.0,6001-Plastic Bag S
29,AMBUSH CHS BURGER,4.0,,4400000.0,TRIPPLE CHEESE
29,TAKE AWAY CHARGE,1.0,,100000.0,6001-Plastic Bag S
30,VANDOOLEN,,,8182.0,autre
30,PLASTIK 25,,,0.0,6001-Plastic Bag S
31,"Chicken HCC, 1Pcs",1.0,,15000.0,autre
31,Colonel Burger,1.0,,13636.0,autre
32,Ketoprak,1.0,,36000.0,autre
33,AREM - AREM,1.0,8000.0,8000.0,autre
33,LEMPER,1.0,9000.0,9000.0,6001-Plastic Bag S
33,PLASTIK KECIL,1.0,0.0,0.0,Original Hugarian 
34,OMA NASI KUNING CAKALANG MANI,1.0,30000.0,30000.0,Original Hugarian 
35,Cuka Apel Moringa,1.0,289000.0,289000.0,autre
36,GONG GIBAB,1.0,,20000.0,GONG GIBAB
36,BO SSAM,1.0,,320000.0,6001-Plastic Bag S
36,HAEMUL DENJANG JJIGAE,1.0,,85000.0,Original Hugarian 
36,MULNAENGMYO N,1.0,,85000.0,Original Hugarian 
37,MINI CHOCO,,,13500.0,autre
38,DumDum Thai Iced Green Tea,1.0,,24000.0,autre
39,H COUPLE SEA,,,70000.0,autre
40,BURGER CHIC DECKER,1.0,,68000.0,autre
40,Home Made Lemonade,1.0,,40000.0,autre
41,KOREAN CURRY M,1.0,,40909.0,autre
42,ALMOND CHOCO CREAMCHEESE,1.0,28000.0,28000.0,autre
43,Nutella Cheese,1.0,,27272.0,TRIPPLE CHEESE
43,Toblerone BanCheese,1.0,,28182.0,TWIST DONUT
44,CHOCO PUFF,1.0,,29091.0,autre
44,CREAMY BEEF CLS FTC,1.0,,42727.0,TRIPPLE CHEESE
44,NEW ORIENTAL CHK RICE,1.0,,34545.0,autre
44,LIPTON PITCHER,1.0,,54545.0,autre
44,SC/P SUPER SUPREME,1.0,,47273.0,autre
44,CB/P BLACK PEPP BEEF,1.0,,48182.0,autre
45,1,2.0,,22000.0,autre
45,Large *Plastik Kcl,1.0,,0.0,autre
46,BASO TAHU BIHUN,1.0,43636.0,43636.0,Original Hugarian 
47,ICED TT,,,20000.0,ICED TEA
48,Jamur Crispy,2.0,13500.0,27000.0,autre
48,Nasi Putih,2.0,7000.0,14000.0,NASI PUTIH
48,Sambel Kecap,2.0,4500.0,9000.0,autre
48,Es Teh,2.0,7500.0,15000.0,NASI PUTIH
49,Sweet Plum Potato,1.0,,29000.0,autre
50,CHO MOUSSE,,,20000.0,autre
50,GRAPE JELLY,,,13000.0,autre
51,Kopi Susu Sudirman,1.0,18000.0,18000.0,Original Hugarian 
51,Chocolate Twist,1.0,12000.0,12000.0,autre
52,RTD Kunyit,1.0,15000.0,15000.0,autre
52,Tepung Jagung,1.0,15000.0,15000.0,Original Hugarian 
53,,3.0,12000.0,36000.0,autre
53,SHOPPING BAG ROTI'O' 370/M,1.0,0.0,0.0,autre
54,KFC Winger HC,1.0,,20000.0,6001-Plastic Bag S
54,Rice,1.0,,6364.0,autre
55,THAI ICED TEA (L),1.0,16363.0,16363.0,ICED TEA
56,BASO TAHU,1.0,43636.0,43636.0,Original Hugarian 
56,NASI PUTIH,1.0,6000.0,6000.0,NASI PUTIH
57,PL. MUFFIN BLUEBERRY,1.0,,14000.0,autre
57,RB. ABON AYAM,1.0,,9000.0,autre
57,RB. COKLAT COFFEE,1.0,,8000.0,TWIST DONUT
57,RB. RED BEAN,1.0,,8000.0,autre
58,ROTI KEJU COKLAT,1.0,850000.0,850000.0,autre
58,ROTI MAHKOTA/RING,1.0,1050000.0,1050000.0,autre
58,ROTI KACANG MERAH,1.0,800000.0,800000.0,autre
58,ROTI COKLAT,1.0,800000.0,800000.0,autre
59,CHICKEN KATSU,1.0,,12727.0,autre
59,TORI NASU HASAMI AGE,1.0,,10000.0,autre
60,Mineral Water (S),1.0,,15000.0,Mineral Water
60,Pocky Chocolate,1.0,,20000.0,TWIST DONUT
60,Nerds Strw Grape,1.0,,42000.0,TWIST DONUT
60,Nerds Trop Punch,1.0,,42000.0,6001-Plastic Bag S
60,Nerds Watermelon,1.0,,42000.0,TWIST DONUT
61,TRIPPLE CHEESE,1.0,17000.0,17000.0,TRIPPLE CHEESE
62,RALPH BREAKS THE INTERNET : WR,60.0,60000.0,3600000.0,autre
63,PIS COK KEJU,,,11500.0,autre
63,COKLAT KEJU,,,11000.0,autre
63,BANANA KISMIS,,,8000.0,TWIST DONUT
64,BOTOL(MOMOGI BOTOL KACA ASI),,,44000.0,autre
64,SPECTRA BREAST DISPOSABLE PADS (IRIS) / BP-0001 (BREASTPADS),,,58000.0,autre
64,MUSTELA BABY OIL 100ML,,,160000.0,autre
65,NASI PUTIH,6.0,,54000.0,NASI PUTIH
65,SATE PADANG,1.0,,35000.0,Original Hugarian 
65,GULAI CUMI,1.0,,25000.0,autre
65,DENDENG BALADO,4.0,,80000.0,autre
65,KERUPUK KULIT,3.0,,18000.0,autre
65,RENDANG DAGING,1.0,,20000.0,autre
65,GULAI HATI,1.0,,20000.0,autre
65,MUJAIR BAKAR,1.0,,23000.0,autre
65,GULAI OTAK,1.0,,20000.0,autre
65,AYAM BAKAR,1.0,,20000.0,autre
65,SAMBAL TRI BELAH,1.0,,18000.0,autre
65,LALAP SEGAR,3.0,,24000.0,autre
65,AYAM PENYET,1.0,,21000.0,autre
65,AYAM GORENG,2.0,,40000.0,autre
65,AYAM POP,2.0,,42000.0,autre
65,GULAI TUNJANG,2.0,,40000.0,autre
65,TEH,6.0,,30000.0,autre
65,TERONG BELANDA,1.0,,20000.0,autre
65,TEH TELUR,1.0,,25000.0,autre
65,PUDING,2.0,,16000.0,autre
66,ISI CAMPUR,1.0,43636.0,43636.0,NASI PUTIH
66,AQUA BOTOL,1.0,9000.0,9000.0,Mineral Water
67,Popcorn Salt Bucket,1.0,,65000.0,autre
68,Berry Many-Low (P),1.0,,3750000.0,6001-Plastic Bag S
68,500 days of summer (P),1.0,,3750000.0,6001-Plastic Bag S
68,sun kissed (P),1.0,,3750000.0,NASI PUTIH
68,PLASTIC BAG,1.0,,50000.0,6001-Plastic Bag S
69,SAUSAGE DONUT,1.0,,14000.0,TWIST DONUT
69,CHOCO DONUT PRETZEL,1.0,,9000.0,autre
70,CAPTAIN HOOK,1.0,,75000.0,autre
70,PIRATES TREASURE,1.0,,75000.0,autre
71,GREEN TEA LATTE (L),1.0,16363.0,16363.0,autre
72,2011-Whole wheat Katamari,1.0,28000.0,28000.0,autre
72,6001-Plastic Bag Small,1.0,0.0,0.0,6001-Plastic Bag S
73,CHEESE JOHN,1.0,950000.0,950000.0,TRIPPLE CHEESE
74,APPLE CREAMCHEESE PASTRY,2.0,,26000.0,TWIST DONUT
75,PAKET DOSIRAK 3,1.0,25975.0,25975.0,autre
75,PAKET CHICKEN 3,3.0,35000.0,105000.0,TRIPPLE CHEESE
75,JAPCHE,1.0,25000.0,25000.0,autre
75,KOREAN LEMONADE,1.0,15000.0,15000.0,autre
75,KOREAN COLD TEA,1.0,9000.0,9000.0,ICED TEA
75,PAKET BULGOGI 3,1.0,45000.0,45000.0,autre
75,BANANA MLK+MATCHA PU,2.0,21000.0,42000.0,autre
75,KRN FRIED CHICKN HNY,1.0,25000.0,25000.0,autre
76,TAKOYAKI 12PCS,1.0,,30000.0,autre
77,KP BRANDING L,1.0,1.0,1.0,autre
77,M/POKO STD XXL5,1.0,17100.0,17100.0,autre
77,FOOT 6,2.0,11200.0,22400.0,autre
77,CIPAIN PATCH 4S,3.0,26200.0,78600.0,autre
78,ALMOND CREAM CHEESE,2.0,28000.0,56000.0,TWIST DONUT
79,Silky Green Tea,1.0,12500.0,12500.0,autre
79,Silky Hazelnut,1.0,12500.0,12500.0,autre
80,THAI ICED TEA (L),1.0,16363.0,16363.0,ICED TEA
81,REDBEAN BREAD,4.0,,36000.0,TWIST DONUT
82,YOGURT STRAWBERRY,1.0,,20909.0,autre
83,ICED White,1.0,,43000.0,autre
83,Mexican Baked Rice,1.0,,58000.0,autre
84,Large 1,1.0,,11000.0,6001-Plastic Bag S
84,Pastry Keju,1.0,,20000.0,autre
85,Round Wagyu (1gr),118.0,,47200.0,6001-Plastic Bag S
85,Wagyu Rice Box,1.0,,10000.0,GONG GIBAB
86,BUNCIS MUDA TE,1.0,,20000.0,autre
87,DEPT02,,,24000.0,autre
88,KUE PILUS ASIN,80.0,21000.0,16800.0,autre
88,KACANG MEDAN,95.0,30200.0,28690.0,Original Hugarian 
89,Mineral Water,1.0,,5000.0,Mineral Water
90,ALMOND CHOCO CREAM CHEESE,1.0,28000.0,28000.0,TRIPPLE CHEESE
91,CHOCO CUSTARD PASTRY,1.0,,12000.0,TWIST DONUT
91,CARAMEL PASTRY,1.0,,12000.0,TWIST DONUT
92,ORIGINAL,,,12000.0,6001-Plastic Bag S
92,APPLE CINN,,,13000.0,TWIST DONUT
93,NUMER CANDLE NO.1,1.0,,10000.0,6001-Plastic Bag S
93,NUMER CANDLE NO.2,1.0,,10000.0,6001-Plastic Bag S
93,GANACHE MOUSSE PIECE,2.0,,65000.0,NASI PUTIH
94,4002-Chocolate Orange Peel,2.0,19000.0,38000.0,TWIST DONUT
94,6001-Plastic Bag Small,1.0,0.0,0.0,6001-Plastic Bag S
95,ORIGINAL NO SALT,1.0,12000.0,12000.0,TWIST DONUT
96,THAI ICED TEA,1.0,22000.0,22000.0,ICED TEA
97,ORIGINAL NO SALT,1.0,12000.0,12000.0,TWIST DONUT
98,WALL'S FEAST CKLT.65,1.0,5400.0,5400.0,6001-Plastic Bag S
98,CMPN TROPICANA.CHO75,1.0,5500.0,5500.0,6001-Plastic Bag S
98,MAGNUM WHT ALMND 80,1.0,15000.0,15000.0,6001-Plastic Bag S
99,S-Ovaltine Macchiat,1.0,22000.0,22000.0,TRIPPLE CHEESE
99,S-Hazelnut Milk Tea,1.0,20000.0,23000.0,ICED TEA
100,SAM DA SOO MINERAL WATER,2.0,,32000.0,Mineral Water
101,ES CHOCO GREEN TEA,1.0,,13000.0,ICED TEA
102,Nutella Cheese,1.0,,27272.0,TRIPPLE CHEESE
103,IKAN GURAME MED SOP IKAN,1.0,,158000.0,Original Hugarian 
103,CUMI GR JUNJAN =*MEDIUM*=,1.0,,129000.0,GONG GIBAB
103,CUMI GR TEPUNG =*MEDIUM*=,1.0,,129000.0,NASI PUTIH
103,AGSIO TH PC JMR =*MEDIUM*=,1.0,,147000.0,6001-Plastic Bag S
103,POCAI BWG PUTIH =*MEDIUM*=,1.0,,90000.0,NASI PUTIH
103,LUMPIA UDG PREM =*MEDIUM*=,1.0,,144000.0,6001-Plastic Bag S
103,NASI PUTIH,6.0,10000.0,60000.0,NASI PUTIH
103,HOT TEA,3.0,12000.0,36000.0,ICED TEA
103,AQUA,1.0,,11000.0,Mineral Water
103,ICED TEA,2.0,12000.0,24000.0,ICED TEA
103,ICED TEA,1.0,,12000.0,ICED TEA
104,KOPI SUSU,1.0,,17500.0,Original Hugarian 
104,KOPI SUSU,1.0,,17500.0,Original Hugarian 
104,NASI GORENG,1.0,,22500.0,NASI PUTIH
104,BAKPIA KACANG H,1.0,,4000.0,Original Hugarian 
105,Gado-Gado,1.0,,29090.0,NASI PUTIH
106,Toblerone BanCheese,1.0,,28182.0,TWIST DONUT
106,Roast Beef Crepes,1.0,,15455.0,TRIPPLE CHEESE
107,Cheezemania,1.0,,9500.0,TRIPPLE CHEESE
107,Mamamia,1.0,,12500.0,NASI PUTIH
108,M-Ice Cream Milk Te,1.0,30000.0,30000.0,TWIST DONUT
109,1069-ROTI KEJU COKLAT,1.0,850000.0,850000.0,Original Hugarian 
109,1037-ROTI MAHKOTA/RING,1.0,1050000.0,1050000.0,6001-Plastic Bag S
109,1022-ROTI KACANG MERAH,1.0,800000.0,800000.0,Original Hugarian 
109,1001-ROTI COKLAT,1.0,800000.0,800000.0,6001-Plastic Bag S
110,Nutella Cheese,1.0,,27272.0,TRIPPLE CHEESE
111,OCHA,1.0,,8000.0,NASI PUTIH
111,CHIC NAMBAN BENTO,1.0,,58000.0,Original Hugarian 
112,Fish Ball,1.0,,10000.0,TRIPPLE CHEESE
112,Fried Siomay,1.0,,10000.0,TWIST DONUT
113,ICED CM,,,22000.0,ICED TEA
114,Puyo 6 (Package),1.0,70000.0,70000.0,6001-Plastic Bag S
115,Kupon 9,,,8182.0,6001-Plastic Bag S
115,Kupon 1,,,20000.0,6001-Plastic Bag S
115,LARGE ICED LEMON TEA,,,12273.0,ICED TEA
116,Nutella Cheese,1.0,,27272.0,TRIPPLE CHEESE
117,RTD Relaxing Drink,1.0,15000.0,15000.0,ICED TEA
117,RTD Rosella Aloevera,1.0,15000.0,15000.0,TWIST DONUT
117,RTD Madu Aloevera,1.0,15000.0,15000.0,Original Hugarian 
117,RTD Lemongrass Aloe,1.0,15000.0,15000.0,TWIST DONUT
118,Pdg Madness,1.0,,13000.0,6001-Plastic Bag S
118,BCT,1.0,,15000.0,6001-Plastic Bag S
119,CINNAMON SUGAR,1.0,17000.0,17000.0,TWIST DONUT
120,SAM DA S00 MINERAL WATER,1.0,,16000.0,Mineral Water
120,TWIST DONUT,2.0,,18000.0,TWIST DONUT
121,1001-Choco Bun,1.0,22000.0,22000.0,6001-Plastic Bag S
121,6001-Plastic Bag Small,1.0,0.0,0.0,6001-Plastic Bag S
122,Common Law,1.0,,9900.0,6001-Plastic Bag S
122,Tigger Roll,1.0,,14900.0,6001-Plastic Bag S
123,Ketoprak SPC,1.0,,29090.0,6001-Plastic Bag S
124,UDG GR TLUR ASIN,1.0,,165000.0,Original Hugarian 
124,SAPO TH SEAFOOD,1.0,,129000.0,Original Hugarian 
124,CUMI GR JUNJAN,1.0,,129000.0,Original Hugarian 
124,BIHUN GORENG JJ,1.0,,87000.0,Original Hugarian 
124,OYONG 3 TELOR,1.0,,84000.0,6001-Plastic Bag S
124,GURAME FILLET M,1.0,,163000.0,GONG GIBAB
124,CHINESE TE,2.0,14000.0,28000.0,NASI PUTIH
124,CRYSANTNUM,2.0,,,6001-Plastic Bag S
124,NASI PUTIH,8.0,10000.0,80000.0,NASI PUTIH
124,HOT TEA,3.0,12000.0,36000.0,ICED TEA
124,ICED TEA,3.0,12000.0,36000.0,ICED TEA
125,TRIPPLE CHEESE,1.0,17000.0,17000.0,TRIPPLE CHEESE
126,Round Wagyu ( 1gr ),133.0,,53200.0,6001-Plastic Bag S
127,TT,1.0,20000.0,20000.0,6001-Plastic Bag S
128,CHEEZY DOG BITES,1.0,33000.0,33000.0,TRIPPLE CHEESE
129,Cheese Tart,4.0,,11600000.0,TRIPPLE CHEESE
130,EGG TART,1.0,,13000.0,TWIST DONUT
131,1001-Choco Bun,1.0,22000.0,22000.0,6001-Plastic Bag S
131,6001-Plastic Bag Small,1.0,0.0,0.0,6001-Plastic Bag S
132,ZAI.Milk Choco Egg Avenger60gr,1.0,5363600.0,5363600.0,TRIPPLE CHEESE
132,ZAI.Milk Choco Egg Frozen 60gr,1.0,5363600.0,5363600.0,TRIPPLE CHEESE
133,TWIST STRAWBERRY DONUT,1.0,,10000.0,TWIST DONUT
133,TLJ CROQUETTE,1.0,,17000.0,NASI PUTIH
133,POTATO PEPPER BAGEL,1.0,,16000.0,TWIST DONUT
134,Viet Milk Coffee,1.0,,29000.0,ICED TEA
134,Viet Milk Coffee,1.0,,25000.0,ICED TEA
135,IKAN GABUS FRESH,264.0,98500.0,26004.0,Original Hugarian 
135,IKAN BUMBU KUNING,308.0,72500.0,22330.0,Original Hugarian 
135,OCTOPUS SATAY,1.0,7500.0,7500.0,NASI PUTIH
136,SATE PADANG,,,60000.0,Original Hugarian 
137,FA-Cookies Mix 200 gr,1.0,8000000.0,8000000.0,TWIST DONUT
137,FA-Polycello Bag 200 gr,1.0,0.0,0.0,6001-Plastic Bag S
138,BACON SHIMEJI SPAGHE,100.0,48000.0,48000.0,TRIPPLE CHEESE
138,CHICKEN KATSUDON,100.0,48000.0,48000.0,TRIPPLE CHEESE
138,WELL TORI KARAAGE MU,100.0,58000.0,58000.0,Original Hugarian 
138,WELL CHICKEN KATSU C,100.0,58000.0,58000.0,TRIPPLE CHEESE
138,CLASSIC TOMATO,100.0,48000.0,48000.0,TRIPPLE CHEESE
138,RENDANG OMURICE,100.0,48000.0,48000.0,Original Hugarian 
138,#F11 CREAM HAMBURG 0,100.0,58000.0,58000.0,TWIST DONUT
139,Sesame Toast,1.0,22500.0,22500.0,TRIPPLE CHEESE
140,Seafood Tempura BBQ,1.0,,40000.0,TRIPPLE CHEESE
140,Sweet Plum Potato*,1.0,,29000.0,TWIST DONUT
141,HOME CHARGER+KABEL 138 IP5 TS C,1000.0,13000000.0,13000000.0,6001-Plastic Bag S
142,Pillow Choco,1.0,,18000.0,TRIPPLE CHEESE
142,Pillow Cheese,1.0,,18000.0,TRIPPLE CHEESE
142,Pillow Kombi,1.0,,19500.0,NASI PUTIH
143,Iced Mochaccino,1.0,,38000.0,ICED TEA
144,Rice Organik,1.0,,6818.0,Original Hugarian 
144,1pc Chicken OR,1.0,,15909.0,TRIPPLE CHEESE
145,ALMOND CHOCO CREAM CHEESE,1.0,28000.0,28000.0,TRIPPLE CHEESE
146,YANG YUM GUI,1.0,,97000.0,GONG GIBAB
146,SOONDUBU CHIGE,1.0,,75000.0,6001-Plastic Bag S
146,JAP CHAE,1.0,,105000.0,Original Hugarian 
146,MAKOLI,1.0,,120000.0,Original Hugarian 
146,GOCHUJANG,1.0,,85000.0,GONG GIBAB
146,BIBIMBAB,,,,6001-Plastic Bag S
147,CHOCO ALMOND,1.0,,18182.0,TWIST DONUT
148,OMA NASI KUNING CAKALANG MANI,1.0,30000.0,30000.0,Original Hugarian 
149,#PKTPOLSBTSPON2S,1.0,8000.0,8000.0,6001-Plastic Bag S
149,BENECOL LYCHEE 2S,1.0,14000.0,14000.0,6001-Plastic Bag S
149,REGAL MARIE 125 GR,1.0,12200.0,12200.0,6001-Plastic Bag S
149,7 UP CAN 330 ML,1.0,6000.0,6000.0,6001-Plastic Bag S
149,SAKATONIK LVR 10S,1.0,6400.0,6400.0,6001-Plastic Bag S
149,DUA BELIBIS SBL135,1.0,9300.0,9300.0,6001-Plastic Bag S
149,DAUN SEREH,292.0,19900.0,5811.0,NASI PUTIH
150,KFC Winger HC,1.0,,20000.0,6001-Plastic Bag S
151,Ice t grentea,1.0,22000.0,22000.0,NASI PUTIH
152,WACOM BAMBOO PEN,1.0,97500000.0,97500000.0,6001-Plastic Bag S
153,GIGA,,,57000.0,NASI PUTIH
154,4-Chunks,1.0,20000.0,20000.0,TRIPPLE CHEESE
155,BBQ Chicken,1.0,,41000.0,TRIPPLE CHEESE
156,BOLU KUKUS PX,3.0,13000.0,39000.0,Original Hugarian 
156,PLASTIK SEDANG,1.0,0.0,0.0,Original Hugarian 
157,S-Matcha Macchiato,2.0,25000.0,50000.0,TRIPPLE CHEESE
157,S-Ovaltine Macchiat,2.0,22000.0,44000.0,TRIPPLE CHEESE
158,KFC DAY,1.0,,34545.0,TRIPPLE CHEESE
158,CHARGE TA,1.0,,909.0,6001-Plastic Bag S
159,DEPT04,,,24000.0,6001-Plastic Bag S
159,DEPT01,,,22000.0,6001-Plastic Bag S
160,PAKET CHICKEN 4,1.0,29000.0,29000.0,TRIPPLE CHEESE
160,KOREAN COLD TEA,1.0,9000.0,9000.0,ICED TEA
161,PR ORIGINAL 150gr,1.0,,75000.0,6001-Plastic Bag S
161,ES TEH MANIS,1.0,,10000.0,NASI PUTIH
162,Butter croissant,1.0,14000.0,14000.0,TWIST DONUT
162,Almond Croissant,1.0,28000.0,28000.0,TWIST DONUT
162,Mini Chocolate Donut,1.0,12000.0,12000.0,TWIST DONUT
163,Arem Arem,1.0,12000.0,12000.0,GONG GIBAB
164,THAI ICED TEA (L),1.0,16363.0,16363.0,ICED TEA
165,A Chicken,1.0,,21000.0,TRIPPLE CHEESE
166,TT,1.0,20000.0,20000.0,6001-Plastic Bag S
167,RISOL ROGUT,2.0,9000.0,18000.0,TWIST DONUT
167,MIKA KCL,,,0.0,Original Hugarian 
167,PLASTIK 25,,,0.0,6001-Plastic Bag S
168,Choco Cheese,1.0,,13636.0,TRIPPLE CHEESE
169,CARAMELALMOND,1.0,23000.0,23000.0,TWIST DONUT
170,TRIPPLE CHEESE,2.0,17000.0,34000.0,TRIPPLE CHEESE
171,Coffee Rocksalt [R],1.0,,28000.0,TWIST DONUT
171,ICED NUTELLA LATTE [R],1.0,,30000.0,ICED TEA
171,ICED MOCHA LATTE [R],1.0,,30000.0,ICED TEA
172,XXL Crspy Chicken,1.0,,40000.0,TRIPPLE CHEESE
173,MANUKA HONEY,,,385000.0,TWIST DONUT
174,Ice Kokofie,1.0,,20000.0,Original Hugarian 
175,HAZELNUT ALM,,,15000.0,TWIST DONUT
175,CAPPUCINO CI,,,14000.0,6001-Plastic Bag S
175,TIRAMISU CIN,,,14000.0,Original Hugarian 
176,Spaghetti Bini Muda (Bol ognese) - DINE IN,1.0,,19000.0,Original Hugarian 
176,French Fries - DINE IN,1.0,,12000.0,TRIPPLE CHEESE
176,Mineral Water - DINE IN,1.0,,7000.0,Mineral Water
177,KUPAT TAHU,2.0,19000.0,38000.0,Original Hugarian 
177,MIE KOCOK,3.0,29000.0,87000.0,Original Hugarian 
178,GARISH PC,,,259000.0,6001-Plastic Bag S
178,PLASTIK BAG;: 000 PC,,,0.0,6001-Plastic Bag S
179,109.NG NANAS,1.0,,49800.0,6001-Plastic Bag S
179,DE13.PSANG IJO MDM,1.0,,29800.0,Original Hugarian 
179,CT12.BLK JELY KPI IC,1.0,,29800.0,6001-Plastic Bag S
180,CHOCO CHIP,2.0,13000.0,26000.0,TRIPPLE CHEESE
180,CHOCO BANANA,3.0,14000.0,42000.0,TRIPPLE CHEESE
180,CRISPY CHOCO,,,14000.0,TRIPPLE CHEESE
180,CRISPY CHOCO,,,14000.0,TRIPPLE CHEESE
180,CHOCBAN CUP,3.0,12000.0,36000.0,TRIPPLE CHEESE
180,RED VELVET,2.0,16000.0,32000.0,TWIST DONUT
181,SAUSAGE AND SALAMI,1.0,,62000.0,TRIPPLE CHEESE
181,GREEN MONSIEUR,1.0,,57000.0,TWIST DONUT
182,ROASTED MT ( R ),1.0,,21000.0,6001-Plastic Bag S
183,Peanut & Cheese,1.0,,13636.0,TRIPPLE CHEESE
184,PAIN AU CHOCOLATE,2.0,,22000.0,TWIST DONUT
184,APPLE PIE,1.0,,11000.0,TWIST DONUT
184,REDBEAN BREAD,1.0,,9000.0,TWIST DONUT
185,[RICHE] WHITE SKIMM,1.0,,52727.0,6001-Plastic Bag S
186,ALMOND CROSSIANT,1.0,,13500.0,TWIST DONUT
187,Double Choco Crispy,1.0,,14091.0,TRIPPLE CHEESE
188,Smoke Beef + Aqua,1.0,,21818.0,TRIPPLE CHEESE
189,PREMIUM TOAST PAN BREAD,1.0,,24000.0,TRIPPLE CHEESE
190,SOONDUBU CHIGE,1.0,,75000.0,6001-Plastic Bag S
190,JAP CHAE,1.0,,105000.0,Original Hugarian 
190,GOCHUJANG SAMGYEOPSAL,1.0,,120000.0,GONG GIBAB
191,LAY'S NORI SEAWD 55G,1.0,8800.0,8800.0,6001-Plastic Bag S
191,QTELA KRP/TMPE ORI55,1.0,6900.0,6900.0,6001-Plastic Bag S
191,SOSRO TEH BOTOL 350,2.0,3500.0,7000.0,6001-Plastic Bag S
191,PUCUK/H TEH L/SGR350,1.0,3600.0,3600.0,6001-Plastic Bag S
191,AQUA AIR MINERAL 600,2.0,3500.0,7000.0,Mineral Water
191,PEDULI DISABILITAS,1.0,200.0,200.0,Original Hugarian 
192,Kupon 7,,,42727.0,6001-Plastic Bag S
192,MINERAL WATER,,,8182.0,Mineral Water
193,BAK MANDI (BAK MANDI TAIWAN BESAR),,,125000.0,Original Hugarian 
193,TATAKAN MANDI (JARING MANDI JALA) -,,,50000.0,Original Hugarian 
193,BAJU ATASAN(PETITE MIMI ROMPER 3D FOREST / RM0003),,,53000.0,GONG GIBAB
193,ACCESORIES(SUN BABES PENUTUP MATA),,,27500.0,NASI PUTIH
193,KAPAS (KAPAS MEDISOFT COTTON BALL 120),3.0,7000.0,21000.0,TWIST DONUT
193,JOIE KUBBIE(BABY BOX),,,1100000.0,NASI PUTIH
194,BUDS CALMING TUMMY RUB CREAM 30ML(TOILETRIES),,,200000.0,TWIST DONUT
194,BUDS PRECIOUS NEWBORN CREAM 75ML(TOILETRIES),,,235000.0,TWIST DONUT
194,BUDS PRECIOUS NEWBORN HEAD TO TOE CLEANSER 250ML(TOILETRIES),,,270000.0,TWIST DONUT
195,CRISPY APPLE RAISIN PASTR,1.0,,11500.0,TWIST DONUT
195,PAIN AU CHOCOLATE,1.0,,11000.0,TWIST DONUT
195,REDBEAN BREAD,1.0,,9000.0,TWIST DONUT
196,PEPPERONI,1.0,23000.0,23000.0,TWIST DONUT
196,ALMOND CREAM CHEESE,1.0,28000.0,28000.0,TWIST DONUT
197,CK.MANTAP A,1.0,25455.0,25455.0,6001-Plastic Bag S
197,CHEESE B,2.0,20455.0,40909.0,TRIPPLE CHEESE
197,TAKE AWAY,1.0,909.0,909.0,6001-Plastic Bag S
198,TARO,1.0,,18182.0,NASI PUTIH
199,1216 DPR BATB SD ENCHANTED ROS,1.0,16470000.0,16470000.0,6001-Plastic Bag S
199,"1216 GGM 12"" TTN HERO YONDU",1.0,7470000.0,7470000.0,6001-Plastic Bag S
199,"0217 GGM 12"" TITAN HERO GAMORA",1.0,7470000.0,7470000.0,6001-Plastic Bag S
200,NASI PUTIH,1.0,6000.0,6000.0,NASI PUTIH
200,BASO KUAH,1.0,43636.0,43636.0,Original Hugarian 
201,CARAMELALMOND,1.0,23000.0,23000.0,TWIST DONUT
202,CHICKEN KATSU CURRY UDON,1.0,,46364.0,TRIPPLE CHEESE
203,AYAM,2.0,10000.0,20000.0,GONG GIBAB
203,DONAT AYAM,2.0,10000.0,20000.0,GONG GIBAB
203,ROTI SISIR,1.0,17727.0,17727.0,Original Hugarian 
203,BANANA SPLIT,3.0,9545.0,28635.0,TWIST DONUT
203,DONATCOKLAT,4.0,10000.0,40000.0,Original Hugarian 
203,TIGER ROLL PTG,1.0,8636.0,8636.0,6001-Plastic Bag S
203,MARMER CAKE PTG,1.0,6818.0,6818.0,TWIST DONUT
203,BOLU HAWAI PTNG,1.0,5909.0,5909.0,Original Hugarian 
203,BANANA CAKE PTG,1.0,6818.0,6818.0,TWIST DONUT
203,MANDARIN CAKE PTG,2.0,8182.0,16364.0,GONG GIBAB
203,LAPIS SURABAYA PTG,2.0,16818.0,33636.0,Original Hugarian 
203,CAKE PITA,1.0,11818.0,11818.0,NASI PUTIH
203,PLASTIK TENTENG KECIL,2.0,0.0,0.0,Original Hugarian 
204,CINNAMON SUGAR,1.0,17000.0,17000.0,TWIST DONUT
205,Lemon Tea (L).,1.0,,25000.0,ICED TEA
205,Popcorn Salt (S).,1.0,,20000.0,TWIST DONUT
206,BASO KUAH,1.0,43636.0,43636.0,Original Hugarian 
206,NASI PUTIH,1.0,6000.0,6000.0,NASI PUTIH
206,A.MINERAL BOTOL,1.0,8000.0,8000.0,Mineral Water
207,Kupon 9,,,8182.0,6001-Plastic Bag S
207,Kupon 1,,,20000.0,6001-Plastic Bag S
207,LARGE ICED LEMON TEA,,,12273.0,ICED TEA
208,TROPICAL PUNCH,1.0,,30000.0,NASI PUTIH
208,SOUP 50%,1.0,,7273.0,TRIPPLE CHEESE
208,SALAD BAR 50%,1.0,,17273.0,TRIPPLE CHEESE
209,TWIST ORANGE CHOCO DONUT,2.0,,20000.0,TWIST DONUT
209,CHOCOLATE TWIST,2.0,,32000.0,TWIST DONUT
209,REAL CHOCOLATE ROLL,1.0,,16000.0,TWIST DONUT
209,CHOCOLATE SOBORO,2.0,,28000.0,TWIST DONUT
210,5001-Corn Flakes Cookies,1.0,56000.0,56000.0,TWIST DONUT
210,4003-Blueberry Fuji,1.0,40000.0,40000.0,6001-Plastic Bag S
210,6002-Plastic Bag Medium,1.0,0.0,0.0,6001-Plastic Bag S
211,Coke (L),1.0,,25000.0,TWIST DONUT
211,Extra Jelly Lychee,1.0,,5000.0,TWIST DONUT
211,Popcorn Salt (M),1.0,,40000.0,TWIST DONUT
212,CHEESE JOHN,1.0,950000.0,950000.0,TRIPPLE CHEESE
213,THAI ICED COFFEE,1.0,20000.0,20000.0,ICED TEA
213,THAI ICED GREEN TEA,1.0,22000.0,22000.0,ICED TEA
214,RAMES AYAM,,,26000.0,GONG GIBAB
214,Dendeng PDS,,,27000.0,6001-Plastic Bag S
215,CK.MANTAP A,1.0,25455.0,25455.0,6001-Plastic Bag S
215,CHEESE B,2.0,20455.0,40909.0,TRIPPLE CHEESE
215,TAKE AWAY,1.0,909.0,909.0,6001-Plastic Bag S
216,CAPPUCINO CARAMEL,1.0,,20909.0,TWIST DONUT
217,1001-Choco Bun,1.0,22000.0,22000.0,6001-Plastic Bag S
217,6001-Plastic Bag Small,1.0,0.0,0.0,6001-Plastic Bag S
218,Grilled Dorry Fish,1.0,,42000.0,TRIPPLE CHEESE
218,Set Menu Family,1.0,,318000.0,6001-Plastic Bag S
218,Teppan Seafood Udon,1.0,,38000.0,TRIPPLE CHEESE
219,EDAMAME,512.0,22500.0,11520.0,NASI PUTIH
219,df shllt by not250,1.0,15900.0,15900.0,6001-Plastic Bag S
219,CF BUNCIS ORG,1.0,20600.0,20600.0,6001-Plastic Bag S
219,CABE KERITING CURA,74.0,44900.0,3323.0,Original Hugarian 
219,TOMAT CURAH,198.0,16500.0,3267.0,NASI PUTIH
219,JERUK NIPIS,9.0,64900.0,5841.0,Original Hugarian 
219,CUMI BANGKA,282.0,101900.0,28736.0,NASI PUTIH
220,KING DEAL CHEESE BURGER R,,,25000.0,TRIPPLE CHEESE
220,1 PC BIC,,,15909.0,6001-Plastic Bag S
221,POTATO SAUSAGE BREAD,1.0,,19000.0,TRIPPLE CHEESE
221,OREO GREEN TEA SPREAD,1.0,,52000.0,ICED TEA
221,WHITE CHOCO BANANA SPREAD,1.0,,52000.0,TWIST DONUT
222,APUCINO MEDIUM,,,18182.0,TRIPPLE CHEESE
223,CIRENG PANDAWA,1.0,,26818.0,NASI PUTIH
224,BASO TAHU KWETIAU,1.0,43181.0,43181.0,Original Hugarian 
225,TRIPPLE CHEESE,1.0,17000.0,17000.0,TRIPPLE CHEESE
226,PKT TELOR/PERKEDEL,,,26000.0,6001-Plastic Bag S
226,DENDENG,,,23000.0,6001-Plastic Bag S
226,SBL GR TERI,,,17000.0,6001-Plastic Bag S
226,NESTLE 330 ML,2.0,8000.0,16000.0,6001-Plastic Bag S
227,2005-CHEESE JOHN,1.0,950000.0,950000.0,TRIPPLE CHEESE
228,TRIPPLE CHEESE,1.0,17000.0,17000.0,TRIPPLE CHEESE
229,SBL GR UDANG SPC,,,30000.0,6001-Plastic Bag S
230,SAMGYOPSAL,1.0,,97000.0,GONG GIBAB
230,OGYOPSAL,1.0,,97000.0,NASI PUTIH
230,YUKHWE,1.0,,150000.0,GONG GIBAB
230,RICE,1.0,,15000.0,TWIST DONUT
230,JABCHAE BEEF,1.0,,95000.0,TRIPPLE CHEESE
230,OCHA DINGIN,1.0,,15000.0,NASI PUTIH
230,SUNDUBU,1.0,,0.0,NASI PUTIH
231,NASI KUNING,2.0,36500.0,73000.0,NASI PUTIH
231,CENTIKPLANCI,3.0,6500.0,19500.0,Original Hugarian 
231,MIKA KECIL,1.0,0.0,0.0,Original Hugarian 
231,PLASTIK SEDANG,1.0,0.0,0.0,Original Hugarian 
231,SENDOK MAKAN,1.0,0.0,0.0,Original Hugarian 
231,SENDOK MAKAN,1.0,0.0,0.0,Original Hugarian 
231,GARPU,1.0,0.0,0.0,NASI PUTIH
231,GARPU,1.0,0.0,0.0,NASI PUTIH
232,HOT OCHA,1.0,,10000.0,NASI PUTIH
232,OCHA,3.0,,30000.0,NASI PUTIH
232,JYO HARAMI 30%,1.0,,99000.0,NASI PUTIH
232,WAKI SALAD,1.0,,45000.0,TRIPPLE CHEESE
232,MARBLED SIRLOIN STEAK 200gr,2.0,,378000.0,TRIPPLE CHEESE
233,Pepenero Pastel,1.0,15000.0,15000.0,TRIPPLE CHEESE
233,Arem Arem,1.0,12000.0,12000.0,GONG GIBAB
234,REDBEAN BREAD,1.0,,9000.0,TWIST DONUT
234,FRANKFRUT SAUSAGE ROLL,1.0,,12000.0,TWIST DONUT
235,NS MINI STICK,2.0,1200.0,2400.0,6001-Plastic Bag S
235,GERRY SM CHEESE110,1.0,8000.0,8000.0,6001-Plastic Bag S
235,DECOLGEN TABLET 4S,3.0,2100.0,6300.0,6001-Plastic Bag S
235,FIXALL HK 26521,2.0,19900.0,39800.0,6001-Plastic Bag S
236,YELLOW,2.0,,20000.0,TWIST DONUT
237,THAI ICED TEA,1.0,22000.0,22000.0,ICED TEA
238,VANBALL,1.0,9000.0,9000.0,6001-Plastic Bag S
239,TWIST DONUT,1.0,,9000.0,TWIST DONUT
239,BANANA DONUT,1.0,,11000.0,TWIST DONUT
239,DARK CHOCOLATE MUFFIN,2.0,,46000.0,TWIST DONUT
239,[MD] MINI CASTELLA CHOCOL,1.0,,11000.0,6001-Plastic Bag S
239,PREMIUM MILK PAN BREAD,1.0,,17500.0,TRIPPLE CHEESE
239,APPLE PIE,1.0,,11000.0,TWIST DONUT
239,PAIN AU CHOCOLATE,2.0,,22000.0,TWIST DONUT
239,KAYA BUN,2.0,,19000.0,NASI PUTIH
239,SAUSAGE BREAD,1.0,,15000.0,TRIPPLE CHEESE
239,TLJ HOTDOG,1.0,,16000.0,TRIPPLE CHEESE
240,"RB, Abon Sam",1.0,9000.0,9000.0,6001-Plastic Bag S
241,Salad Deluxe,2.0,,17272.0,TRIPPLE CHEESE
241,Perkedel,2.0,,11818.0,TWIST DONUT
241,"Chicken HCC, 1PCS",1.0,,15000.0,TRIPPLE CHEESE
241,CHARGE TA,1.0,,909.0,6001-Plastic Bag S
242,STIX CINNAMON,1.0,19000.0,19000.0,TWIST DONUT
243,BULGOGI JEONGSIK,1.0,,150000.0,Original Hugarian 
243,EL KEUN HWANGTAE,1.0,,130000.0,Original Hugarian 
243,SUNDUBU(TUKBEGI) GYERAN CIM,1.0,,45000.0,Original Hugarian 
244,BASO TAHU BIHUN,1.0,43636.0,43636.0,Original Hugarian 
245,BLACK PRAWN PASTA,1.0,,80500.0,TRIPPLE CHEESE
245,CARBONARA,1.0,,70500.0,NASI PUTIH
245,EARL GREY MILK TEA,1.0,,57000.0,ICED TEA
246,CARAMEL PASTRY,1.0,,12000.0,TWIST DONUT
246,CHOCOLATE TWIST,1.0,,16000.0,TWIST DONUT
246,SAUSAGE BREAD,1.0,,15000.0,TRIPPLE CHEESE
247,ES KOPI SUSU,4.0,,72000.0,Original Hugarian 
248,THAI GREEN TEA ICE,1.0,,24000.0,ICED TEA
249,PKT AYAM,,,33000.0,GONG GIBAB
250,RTD Madu Aloevera,1.0,15000.0,15000.0,Original Hugarian 
251,SpcPrice Caudburry,1.0,,17727.0,6001-Plastic Bag S
252,2001-Hokkaido Milk Toast,1.0,22000.0,22000.0,TRIPPLE CHEESE
252,6001-Plastic Bag Small,1.0,0.0,0.0,6001-Plastic Bag S
253,FL-Xmas 30 Off,1.0,,68180.0,6001-Plastic Bag S
254,Ayam goreng+Sayur asem,1.0,,51500.0,GONG GIBAB
254,Nasi Uduk Ayam,1.0,,47000.0,GONG GIBAB
254,Nasi Rawon,1.0,,58000.0,NASI PUTIH
254,NASI PUTIH,1.0,,9000.0,NASI PUTIH
254,Mineral Water,2.0,,18000.0,Mineral Water
254,Teh Tawar Dingin,2.0,,22000.0,NASI PUTIH
254,Sayur Asem,1.0,,19000.0,Original Hugarian 
255,NEW BEEF SPAGHETTI,1.0,,38182.0,TRIPPLE CHEESE
255,P/P AMERICAN FAV,1.0,,29091.0,6001-Plastic Bag S
255,PAKET HAPPY HOUR,1.0,,27273.0,Original Hugarian 
256,AMBUSH DBL CHS BURG,11.0,,18150000.0,6001-Plastic Bag S
256,AMBUSH CHS BURGER,4.0,,4400000.0,TRIPPLE CHEESE
256,TAKE AWAY CHARGE,1.0,,100000.0,6001-Plastic Bag S
257,Cheese Tart,6.0,,16500000.0,TRIPPLE CHEESE
258,BBQ Chicken,1.0,,41000.0,TRIPPLE CHEESE
259,RTD Jahe,1.0,15000.0,15000.0,Original Hugarian 
260,BITTERBALLEN,10.0,,33000.0,TWIST DONUT
260,MOZZARELA STICK,10.0,,55000.0,NASI PUTIH
260,NOUGAT ICE CREAM,10.0,,20000.0,TWIST DONUT
260,SAUCYS BROOD,10.0,,19000.0,6001-Plastic Bag S
260,AMANDEL BROOD,10.0,,18000.0,NASI PUTIH
260,BOKKEPOOTJES,10.0,,90000.0,Original Hugarian 
261,Mie Jumbo Pst/bakso,2.0,34000.0,68000.0,Original Hugarian 
261,Bakmie Pst/ Bakso,1.0,26000.0,26000.0,Original Hugarian 
261,Liang Teh,2.0,5000.0,10000.0,NASI PUTIH
261,Es /hagat Jeruk,1.0,10000.0,10000.0,Original Hugarian 
261,Krupuk Babi Bungkus,1.0,20000.0,20000.0,Original Hugarian 
262,TWIST DONUT,1.0,,9000.0,TWIST DONUT
262,PEACH PASTRY,1.0,,17000.0,TWIST DONUT
262,CHOCO CUSTARD PASTRY,1.0,,12000.0,TWIST DONUT
262,EGG TART,1.0,,13000.0,TWIST DONUT
262,ROYAL CHEESE TART,1.0,,16000.0,TRIPPLE CHEESE
263,Nutella Cheese,1.0,,27272.0,TRIPPLE CHEESE
263,Toblerone BanCheese,1.0,,28182.0,TWIST DONUT
264,JASMINE,1.0,,39000.0,NASI PUTIH
264,P. RIBS SP (R),1.0,,73000.0,6001-Plastic Bag S
264,PORK TENDER (L),1.0,,72000.0,TRIPPLE CHEESE
264,TAIL STOMACH (S),1.0,,64000.0,TRIPPLE CHEESE
264,P. INTESTINE (R),1.0,,32000.0,6001-Plastic Bag S
264,CAKWE (L),1.0,,20000.0,Original Hugarian 
264,WHITE RICE,2.0,,20000.0,TWIST DONUT
264,PLAIN CONGEE,1.0,,12000.0,NASI PUTIH
265,Popcorn Salt (M),1.0,,40000.0,TWIST DONUT
265,Mineral Water (S),1.0,,10000.0,Mineral Water
265,Fanta Stwbry (L),1.0,,25000.0,NASI PUTIH
266,UDANG REBUS (M),1.0,,162000.0,GONG GIBAB
266,ANGSIO TH PC JMR,1.0,,147000.0,autre
266,AYAM GR KERING,1.0,,108000.0,GONG GIBAB
266,BIHUN GORENG JJ,1.0,,87000.0,Original Hugarian 
266,NASI GORENG NJUN,1.0,,87000.0,Original Hugarian 
266,HOT TEA,5.0,12000.0,60000.0,ICED TEA
266,IKAN GURAME MED SOP IKAN,1.0,,158000.0,Original Hugarian 
266,CUMI GR JUNJAN,1.0,,172000.0,Original Hugarian 
266,SUP BURUNG DARA,1.0,,38000.0,Original Hugarian 
266,ICED TEA,1.0,,12000.0,ICED TEA
266,CHINESE TEA KWAN'IM,1.0,,14000.0,ICED TEA
266,NASI PUTIH,2.0,10000.0,20000.0,NASI PUTIH
267,BBQ Chicken,1.0,,41000.0,TRIPPLE CHEESE
268,CINNAMON SUGAR,1.0,17000.0,17000.0,TWIST DONUT
269,TUNA & CHEDDAR,,,55000.0,autre
269,ONION RINGS,,,19800.0,autre
269,AQUA BTL,,,6600.0,autre
270,DEPT01,,,22000.0,6001-Plastic Bag S
271,1GA+2CK+RW+RB12,1.0,30500.0,30500.0,autre
272,Astor Stick Cokelat 40gr,1.0,8000.0,8000.0,autre
272,green tea,1.0,8500.0,8500.0,autre
273,BBQ Chicken,1.0,,41000.0,TRIPPLE CHEESE
274,NASI UDUK SATE BUNTEL,1.0,55000.0,55000.0,autre
274,NASI BALI (EMPAL),1.0,62000.0,62000.0,autre
275,Benedict Burrito,1.0,,85000.0,autre
275,Lychee Ice Tea,1.0,,40000.0,autre
275,Soup Of The Day,1.0,,45000.0,autre
275,Strawberry jc,1.0,,45000.0,autre
276,Viet Latte,1.0,,19000.0,autre
277,SOGOGI JAPCHAE,2.0,,320000.0,autre
277,GONG GIBAB,6.0,,120000.0,GONG GIBAB
277,GYERAN MARI,2.0,,0.0,autre
277,JEK SEOK TEOK POKI (S),1.0,,115000.0,Original Hugarian 
277,* MINERAL WATER,1.0,,13000.0,Mineral Water
277,EL KEUN HWANGTAE SUNDUBU (TUKBEGI),2.0,,260000.0,Original Hugarian 
277,DAK GANG JEONG,2.0,,380000.0,Original Hugarian 
277,YANG NYEOM SAM GYEOP SAL,1.0,,120000.0,GONG GIBAB
277,PREMIUM YANGNYEOM GALBISAL,1.0,,250000.0,GONG GIBAB
277,JEKSEOK YANG NYEOM GUI,1.0,,300000.0,GONG GIBAB
277,HAEMUL DENJANG JJIGAE,1.0,,85000.0,Original Hugarian 
278,S-Fresh Lemon Lime,1.0,14000.0,14000.0,TWIST DONUT
278,S-Fresh Lemon Lime,1.0,14000.0,14000.0,TWIST DONUT
278,S-Fresh Lemon Lime,1.0,14000.0,17000.0,TWIST DONUT
279,SOP AYM BNG,,,7000.0,6001-Plastic Bag S
279,TEH TARIK P,,,15000.0,autre
280,RB. COKLAT BAR,1.0,,8000.0,6001-Plastic Bag S
280,RB. COKLAT BUN,1.0,,8000.0,autre
280,RB. CREPES CHICKEN,1.0,,9000.0,TRIPPLE CHEESE
281,NESTLE 600 M1,100.0,,9500.0,6001-Plastic Bag S
282,SINGLE Cone,2.0,,76364.0,TRIPPLE CHEESE
283,ELEPHANT READ BEAN,1.0,12000.0,12000.0,NASI PUTIH
283,chapsal twister donnut,1.0,10000.0,10000.0,TWIST DONUT
284,DOUBLE CHICK BREAST,1.0,,89000.0,TRIPPLE CHEESE
284,IPED MANDARIN,1.0,,38000.0,GONG GIBAB
285,Popcorn Salt (M),1.0,,40000.0,TWIST DONUT
285,Mineral Water (S),1.0,,10000.0,Mineral Water
285,Fanta Stwbry (L),1.0,,25000.0,NASI PUTIH
286,Hokkaido,1.0,,14000.0,NASI PUTIH
287,TOAST BREAD,1.0,28000.0,28000.0,TRIPPLE CHEESE
288,"['-', 'Gyro Platter Large']",,,72727.0,autre
289,NASI GORENG,2.0,30000.0,60000.0,NASI PUTIH
289,TEH BTL ES,,,5000.0,autre
289,TEH TELOR,,,14000.0,autre
289,SATE PADANG,,,30000.0,Original Hugarian 
289,NASI GORENG,2.0,30000.0,60000.0,NASI PUTIH
290,CORDON BLEU,2.0,49090.0,98180.0,autre
291,TRIPPLE CHEESF,1.0,17000.0,17000.0,autre
292,Mineral Water (S).,2.0,,20000.0,Mineral Water
292,Popcorn Salt (S).,1.0,,20000.0,TWIST DONUT
293,Nasi Liwet,1.0,,49000.0,autre
293,Nasi Uduk Ayam,1.0,,47000.0,GONG GIBAB
293,Ayam Garang Asem,1.0,,46000.0,autre
293,Ayam. Kremes,1.0,,47000.0,autre
293,Nila Penyet + Nasi,1.0,,45000.0,autre
293,Nasi Goreng Gila,1.0,,52000.0,autre
293,Nasi Goreng Rawon,1.0,,43000.0,autre
293,Mendoan,1.0,,31000.0,NASI PUTIH
293,Teh Tawar Dingin,3.0,,33000.0,NASI PUTIH
293,Teh Tawar Panas,1.0,,11000.0,NASI PUTIH
294,Dumpling,1.0,,9000.0,NASI PUTIH
294,Jamur Kuping,1.0,,8000.0,Original Hugarian 
294,Caisim Kecil,1.0,,7000.0,Original Hugarian 
294,Lapchiong,2.0,12000.0,24000.0,TWIST DONUT
294,Otak-otak Singapore,2.0,11000.0,22000.0,Original Hugarian 
294,Bihun (MLY),1.0,,8000.0,GONG GIBAB
295,CHOCOLATE SUNDAE,,,8636.0,TWIST DONUT
295,REGULAR FRIES,,,8636.0,TRIPPLE CHEESE
295,TakeAway Charge,,,909.0,6001-Plastic Bag S
296,ALMOND CREAM CHEESE,2.0,28000.0,56000.0,TWIST DONUT
297,KUE CUBIT OVO/ SKIPPY,1.0,,39000.0,autre
297,ES BUAH,2.0,,36000.0,autre
297,DODOT KAKEK,1.0,,28000.0,autre
297,DODOT CUCU COKLAT,1.0,,28000.0,autre
297,CHOCOLATE MILK SHAKE,1.0,,22000.0,TWIST DONUT
297,T. TARIK GREENTEA DINGIN,2.0,,40000.0,NASI PUTIH
297,CHOCOLATE MILK SHAKE,1.0,,22000.0,TWIST DONUT
297,ICED CAPPUCINO JELLY,1.0,,24000.0,autre
297,T. TARIK GREENTEA DINGIN,1.0,,20000.0,NASI PUTIH
297,TEH PAHIT PANAS,1.0,,6000.0,autre
297,MINERAL WATER,1.0,,8000.0,Mineral Water
298,[RICHE] BLACK SAKURA,1.0,,57273.0,NASI PUTIH
299,Soto Daging,1.0,,36364.0,autre
299,Nasi Putih,1.0,,6363.0,NASI PUTIH
299,Teh Tawar Hangat,1.0,,3636.0,autre
300,PAKET SUPER MANTAP 2A RAACHA,1.0,59091.0,59091.0,autre
300,RICE,1.0,6364.0,6364.0,TWIST DONUT
301,1009-Roti Kelapa,2.0,800000.0,1600000.0,autre
301,1245-Plastik Tentengan Kecil,1.0,0.0,0.0,Original Hugarian 
302,Dom Cha Vire Sls,1.0,155000.0,155000.0,autre
302,P J Cotes du,2.0,105000.0,210000.0,autre
303,AQUA 600ML,5.0,,35000.0,autre
303,BIHUN GORENG SPECIAL,1.0,,41000.0,autre
303,BIHUN MASAK KUAH,1.0,,38000.0,autre
303,ES ALPUKAT,1.0,,18000.0,autre
303,ES TEH MANIS,5.0,,30000.0,NASI PUTIH
303,ES THE TAWAR,1.0,,4000.0,autre
303,IFUMIE,1.0,,43000.0,autre
303,JUICE ALPUKAT,1.0,,20000.0,autre
303,JUICE STRAWBERRY,1.0,,21000.0,autre
303,KWETIAW SIRAM SAPI,1.0,,43000.0,autre
303,KWETIAW SIRAM SEA,1.0,,45000.0,autre
303,KWETIAW GORENG SAPI,1.0,,45000.0,autre
303,KWETIAW GORENG SEA,2.0,,90000.0,autre
303,MIE GORENG SPECIAL,2.0,,82000.0,autre
303,MPEKMPEK K SELAM,1.0,,20000.0,autre
303,MPEKMPEK LENJER,1.0,,20000.0,autre
303,NASI GORENG SPECIAL,2.0,,82000.0,autre
303,TEH MANIS PANAS,3.0,,18000.0,autre
303,TEH TAWAR,2.0,,4000.0,NASI PUTIH
303,YAMIN BASO SAPI,1.0,,30000.0,autre
303,YAMIN PANGSIT REBUS,1.0,,31000.0,autre
304,SPECIALTY COMBO,1.0,25000.0,25000.0,autre
304,BOTTLED WATER,1.0,0.0,0.0,autre
305,CARAMELALMOND,1.0,23000.0,23000.0,TWIST DONUT
305,STIX ECLAIRS,1.0,19000.0,19000.0,6001-Plastic Bag S
306,PAKET DOSIRAK 1,1.0,25975.0,25975.0,autre
307,Choco Peanut,1.0,,10455.0,autre
308,Mineral water (s),1.0,,15000.0,autre
308,Blend GT (M),1.0,,55000.0,6001-Plastic Bag S
308,Extra Jelly Lychee,1.0,,5000.0,TWIST DONUT
308,Extra Ice Cream,1.0,,15000.0,autre
308,French Fries + FF,1.0,,50000.0,autre
309,CHEESE JOHN,1.0,950000.0,950000.0,TRIPPLE CHEESE
310,MANUKA HONEY,2.0,385000.0,770000.0,TWIST DONUT
311,Banana Cho + NuTea,1.0,,20000.0,autre
312,TWIST ORANGE CHOCO DONUT,1.0,,10000.0,TWIST DONUT
313,3002-Kyoto Choco Mochi,3.0,14000.0,42000.0,6001-Plastic Bag S
313,1019-Choco Banana,1.0,28000.0,28000.0,autre
313,6001-Plastic Bag Small,1.0,0.0,0.0,6001-Plastic Bag S
314,Nutella Cheese,2.0,,54544.0,TRIPPLE CHEESE
315,CUSTARD SOBORO,1.0,,12000.0,6001-Plastic Bag S
316,Peach Tea,3.0,,44400.0,autre
316,Lemon Tea,4.0,,59200.0,autre
316,Chicken Kazan Curry,1.0,,69800.0,autre
316,Chicken Karamiso Special,1.0,,54800.0,autre
316,Chicken Shio Special,2.0,,109600.0,autre
316,Beef Set A,1.0,,99800.0,autre
317,CINNAMON SUGAR,2.0,17000.0,34000.0,TWIST DONUT
318,CHOCO TIME,1.0,,50000.0,autre
319,LONTONG CAP GO MEH,1.0,57000.0,57000.0,autre
319,NASI LIWET (SATE BUNTEL AYAM),1.0,45000.0,45000.0,autre
319,TEH JAWA,2.0,13000.0,26000.0,autre
320,BAGUETTE,1.0,,18500.0,autre
321,Angus Striploin,1.0,,295000.0,autre
321,Chicken Steak,1.0,,140000.0,autre
321,CK Redvelvet,1.0,,65000.0,autre
321,Creamed Spinach,1.0,,40000.0,autre
321,F Squeeze Orange,1.0,,60000.0,autre
321,House Blend,1.0,,40000.0,autre
321,Ice Tea Peach,1.0,,45000.0,autre
321,Ice Tea Rasp,2.0,,90000.0,autre
321,Jasmine Tea,1.0,,40000.0,autre
321,Roasted Chicken,2.0,,300000.0,autre
321,Salmon,1.0,,170000.0,autre
321,Salmon Seaweed Bowl,1.0,,150000.0,autre
321,Sorbet,1.0,,55000.0,autre
322,3180-Soes Marmer,3.0,750000.0,2250000.0,autre
322,1006-Roti Molen,2.0,800000.0,1600000.0,autre
322,1245-Plastik Tentengan Kecil,1.0,0.0,0.0,Original Hugarian 
322,1244-Plastik Tentengan Sedang,1.0,0.0,0.0,autre
323,CHEESE TIME,1.0,,43000.0,autre
324,medium tub,1.0,392000.0,392000.0,Mineral Water
325,AOP Seafood,1.0,,85000.0,autre
325,Omurice Katsu Curry,1.0,,95000.0,autre
325,Earl Gray Tea,1.0,,35000.0,autre
325,Hot Tea,1.0,,25000.0,ICED TEA
326,SPICY WOSAM R,1.0,,33636.0,autre
327,"['1', 'MIE UP BSR C']",1.0,,36000.0,autre
328,Coke (L),1.0,,25000.0,TWIST DONUT
328,Fanta Strwbry (L),1.0,,25000.0,autre
328,XXI Java Tea Spc,1.0,,25000.0,ICED TEA
328,Caramel Medium,1.0,,50000.0,TWIST DONUT
328,Butter Milk Popcorn,1.0,,38000.0,autre
328,Tahu Ikan Oma Giok,3.0,,60000.0,autre
329,Mineral Water (S).,1.0,,10000.0,Mineral Water
329,Popcorn Salt (S).,1.0,,20000.0,TWIST DONUT
330,ORIGINAL 6 PCS,1.0,,45000.0,6001-Plastic Bag S
331,KWT GR MGMSP,,,43182.0,autre
331,TEH HANGAT,,,5909.0,autre
332,CF NASI PUTIH,1.0,5000.0,5000.0,NASI PUTIH
332,CF NASI PUTIH,1.0,5000.0,5000.0,NASI PUTIH
332,CF BBQ CHKN WING,1.0,15000.0,15000.0,autre
332,FILLET DORI,354.0,73500.0,26019.0,autre
332,KERUPUK KERING,1.0,11900.0,11900.0,autre
333,,3.0,18000.0,,autre
334,Kwetiaw Ayam Jamur,2.0,,56364.0,autre
334,1/2 OTAK-OTAK,1.0,,10000.0,autre
334,Es Cincau,1.0,,14545.0,autre
335,TWIST DONUT,3.0,,27000.0,TWIST DONUT
335,CRANBERRY WALNUT (S),2.0,,17000.0,TWIST DONUT
335,POTATO SAUSAGE BREAD,1.0,,19000.0,TRIPPLE CHEESE
335,BLACK CHEESE HOTDOG,1.0,,20000.0,TRIPPLE CHEESE
336,Mineral Water (S),1.0,,10000.0,Mineral Water
336,Lemon Tea (L),1.0,,25000.0,ICED TEA
337,Iced Sleepy Coffee,1.0,,38000.0,autre
337,Pisang Goreng,1.0,,28000.0,autre
338,THAI TEA,,,22000.0,autre
339,STIX ECLAIRS,2.0,19000.0,38000.0,6001-Plastic Bag S
340,PKT LELEH AYM GEPRK,1.0,,24999.0,autre
340,PKT MIE LELEH,1.0,,27273.0,autre
341,ES TEH TAWAR,2.0,,10910.0,NASI PUTIH
341,Lychee Tea,1.0,,9091.0,ICED TEA
341,FROZEN CAPUCINO,1.0,,15455.0,autre
341,NS BISTIK AYM TP,1.0,,35455.0,autre
341,NS+AYAM GR RICA,1.0,,35455.0,autre
341,KWETIAUW AYM SRM,1.0,,31819.0,autre
342,1001-Choco Bun,1.0,22000.0,22000.0,6001-Plastic Bag S
342,4005-Maple glazed,1.0,25000.0,25000.0,6001-Plastic Bag S
342,6002-Plastic Bag Medium,1.0,0.0,0.0,6001-Plastic Bag S
343,BANANA RHUM RAISIN,1.0,,46500.0,autre
343,PRAWN & SPINACH PASTA,1.0,,80500.0,autre
343,ORIGINAL BREWED TEA,1.0,,23000.0,ICED TEA
344,AMBUSH DBL CHS BURG,6.0,,9900000.0,6001-Plastic Bag S
344,AMBUSH CHS BURGER,2.0,,2200000.0,TRIPPLE CHEESE
345,TRAD KY TOAST CARTE,100.0,,28182.0,autre
346,<AYA BUN,3.0,,28500.0,autre
346,CRISPY REAL CHEESE,1.0,,16500.0,autre
347,Lumpia Klt Tahu (3),1.0,,43000.0,autre
347,SM Udang & Aym (4),1.0,,50000.0,autre
347,XLB Kptg&Aym(4),1.0,,56000.0,autre
347,Brokoli Bwg Putih,1.0,,60000.0,autre
347,Mie Sup WT (U & A),1.0,,53000.0,autre
347,The Roselle,1.0,,32000.0,autre
348,ORIGINAL 6 PCS,1.0,,45000.0,6001-Plastic Bag S
349,GONG GIBAB,1.0,,20000.0,GONG GIBAB
349,BO SSAM,1.0,,320000.0,6001-Plastic Bag S
349,HAEMUL DENJANG JJIGAE,1.0,,85000.0,Original Hugarian 
349,MULNAENGMYO N,1.0,,85000.0,Original Hugarian 
350,VALUE MEAL 1,1.0,,29090.0,autre
351,Yakiniku Rice Organic,1.0,,22727.0,autre
351,Mocca Float,1.0,,8636.0,NASI PUTIH
352,ES ILAT BOYO,1.0,,15000.0,autre
352,NASI PUTIH,1.0,,7000.0,NASI PUTIH
352,SAMBEL TOMAT SEG,1.0,,5000.0,autre
352,SAYAP AYAM,1.0,,17000.0,autre
352,TEA TAWAR,1.0,,6000.0,autre
353,Soft Ori 3 Top,1.0,,17272.0,autre
354,1001-Choco Bun,1.0,22000.0,22000.0,6001-Plastic Bag S
354,6001-Plastic Bag Small,1.0,0.0,0.0,6001-Plastic Bag S
355,Avocado with Rock Salt and Cocoa Cream [R],,,28000.0,TWIST DONUT
355,Avocado with Rock Salt and Cocoa Cream [R],,,28000.0,TWIST DONUT
355,Rock salt and Cheese [R] Coffee,,,28000.0,autre
356,VALUE MEAL 2,1.0,,33636.0,autre
357,Nats Bitter Choco cake,1.0,,40000.0,autre
357,Es Kopi Susu Pandan,1.0,,35000.0,Original Hugarian 
357,Extra Whipping Cream,1.0,,10000.0,autre
357,Iced Coffee Latte,1.0,,40000.0,autre
357,Iced Sugar Cane,1.0,,28000.0,autre
357,Sparkling Mango Mojito,1.0,,65000.0,autre
357,Iced Coffee,1.0,,28000.0,autre
358,GJ ROASTED MT ( R ),1.0,,25000.0,autre
359,YANG YUM GUI,1.0,,97000.0,GONG GIBAB
359,GALBI TANG,1.0,,92000.0,GONG GIBAB
359,NASI(GONGGI BAB),1.0,,15000.0,GONG GIBAB
360,TWIST ORANGE CHOCO DONUT,2.0,,20000.0,TWIST DONUT
360,CHOCOLATE TWIST,2.0,,32000.0,TWIST DONUT
360,REAL CHOCOLATE ROLL,1.0,,16000.0,TWIST DONUT
360,CHOCOLATE SOBORO,2.0,,28000.0,TWIST DONUT
361,Peach Iced Tea,1.0,,35000.0,autre
361,Mango Mint Iced Tea,1.0,,35000.0,autre
361,Nannys Customer Fries,1.0,,45000.0,autre
361,Robert Olio Mushroom Spaghetti,1.0,,59000.0,autre
361,Emily's Shrimp Scampi Fettucine,1.0,,69000.0,autre
362,GONG GIBAB,1.0,,20000.0,GONG GIBAB
362,BO SSAM,1.0,,320000.0,6001-Plastic Bag S
362,HAEMUL DENJANG JJIGAE,1.0,,85000.0,Original Hugarian 
362,MULNAENGMYON,1.0,,85000.0,autre
363,BEEF CURRY UDON,1.0,,52727.0,TRIPPLE CHEESE
364,[RICHE] BLACK SAKURA,1.0,,57273.0,NASI PUTIH
364,[RICHE] BLACK SAKURA,1.0,,57273.0,NASI PUTIH
365,LM Dmplg Chli Sc,1.0,,68000.0,autre
365,LM Poach Marble Beef,2.0,,176000.0,autre
365,DIMSUM,2.0,23800.0,47600.0,autre
365,XLB Org Pork 6x,1.0,,52000.0,autre
365,Oolong Jasmine Cup,1.0,,10000.0,autre
365,Tea,2.0,,20000.0,autre
366,CHICKEN KATSU CURRY UDON,1.0,,46364.0,TRIPPLE CHEESE
366,KAKIAGE TEMPURA,1.0,,10000.0,Original Hugarian 
366,COLD OCHA,1.0,,10909.0,NASI PUTIH
367,TWIST DONUT,2.0,,18000.0,TWIST DONUT
367,BROWNIE,1.0,,21000.0,autre
367,REAL GANACHE,1.0,,16500.0,NASI PUTIH
367,REAL CHOCOLATE ROLL,1.0,,16000.0,TWIST DONUT
367,REDBEAN BREAD,1.0,,9000.0,TWIST DONUT
368,Honey Mandarin,,,13000.0,autre
369,HZ CHOCO MT (L) TOPPING,1.0,,27000.0,autre
369,MANGO GT (L),1.0,,25000.0,autre
370,CKM 1 OR,1.0,,29545.0,autre
370,Sundae,1.0,,8182.0,autre
371,S-Ovaltine Macchiat,1.0,22000.0,22000.0,TRIPPLE CHEESE
371,S-Hazelnut Milk Tea,1.0,20000.0,20000.0,ICED TEA
372,Croisant Mini (NAM),1.0,18000.0,18000.0,autre
373,Bento Barbeque,1.0,,13636.0,autre
373,Lychee Float,1.0,,5909.0,Mineral Water
373,KFC Winger HC,1.0,,20000.0,6001-Plastic Bag S
374,3002-Kyoto Choco Mochi,4.0,14000.0,56000.0,6001-Plastic Bag S
374,3001-Sakura Mochi,1.0,14000.0,14000.0,autre
374,6001-Plastic Bag Small,1.0,0.0,0.0,6001-Plastic Bag S
375,Grande,3.0,,180000.0,autre
375,Lemon grass tea (Dine in),1.0,,25000.0,autre
375,Cheese Tea Hokkaido Melon,3.0,,72000.0,autre
375,Air Mineral,2.0,,10000.0,Mineral Water
376,SWEEAT ICE TEA,1.0,,16800.0,autre
376,OREO MILK BLEND,1.0,,28800.0,autre
376,FRIED RC SFOOD,1.0,,39800.0,autre
376,SHISHA,1.0,,47000.0,autre
376,MASHED POTATO,1.0,,23800.0,autre
377,XXL Crispy Chicken,1.0,,40000.0,autre
378,Kopi Susu Sudirman,1.0,18000.0,18000.0,Original Hugarian 
379,Original Hugarian Ku,1.0,20000.0,20000.0,Original Hugarian 
379,Original Hugarian Ku,1.0,20000.0,20000.0,Original Hugarian 
379,Original Hugarian Ku,1.0,20000.0,20000.0,Original Hugarian 
379,Original Hugarian Ku,1.0,20000.0,20000.0,Original Hugarian 
380,Lemon Tea (L).,1.0,,25000.0,ICED TEA
381,RB. AI-AI CHOCO,1.0,,8000.0,6001-Plastic Bag S
381,RB. COKLAT COFFEE,1.0,,8000.0,TWIST DONUT
382,Combo 1,1.0,,30000.0,6001-Plastic Bag S
383,Viet Milk Coffee,1.0,,18000.0,ICED TEA
384,LEMONADE22OZ,1.0,26000.0,26000.0,autre
385,CHOCO CHIP,10.0,,27500.0,TRIPPLE CHEESE
385,NOUGAT ICE CREAM,20.0,,48000.0,TWIST DONUT
385,AMANDEL BROOD,10.0,,20000.0,NASI PUTIH
385,BOKKEPOOTJES,10.0,,104000.0,Original Hugarian 
385,CHOCOLATE ICE CREAM,20.0,,30000.0,autre
385,MOCCA ICE CREAM,10.0,,15000.0,autre
386,HOT OCHA,1.0,,10000.0,NASI PUTIH
386,OCHA,3.0,,30000.0,NASI PUTIH
386,WAKI PLATTER FOR 4-5,1.0,,389000.0,autre
386,CHAPJEA,1.0,,95000.0,autre
386,KALBI PLATTER 2-3,1.0,,315000.0,autre
386,MARBLED SIRLOIN STEAK 200gr,1.0,,189000.0,TRIPPLE CHEESE
387,ALMOND CREAM CHEESE,1.0,28000.0,28000.0,TWIST DONUT
388,escargot florentine,1.0,32000.0,32000.0,autre
388,Zurich Geschnitzel,1.0,82000.0,82000.0,autre
388,Valdostana,3.0,59000.0,177000.0,autre
388,Chicken Herb Crust,1.0,52000.0,52000.0,autre
388,Lasagna Di Carne,1.0,54000.0,54000.0,autre
388,Lemon Jc,1.0,25000.0,25000.0,autre
388,Apple Pie,1.0,25000.0,25000.0,autre
388,hot tea,1.0,12000.0,12000.0,autre
388,hot lemon tea,1.0,22000.0,22000.0,autre
389,Pillow Kombi,1.0,,19500.0,NASI PUTIH
390,Seaweed Chicken,1.0,,42000.0,TRIPPLE CHEESE
391,CINNAMON SUGAR,1.0,17000.0,17000.0,TWIST DONUT
392,"ROTI ""0""",3.0,10000.0,30000.0,autre
392,SHOPPING BAG ROTI'O' 370/,1.0,0.0,0.0,autre
393,4005-Maple glazed,1.0,25000.0,25000.0,6001-Plastic Bag S
393,6001-Plastic Bag Small,1.0,0.0,0.0,6001-Plastic Bag S
394,1001-Choco Bun,1.0,22000.0,22000.0,6001-Plastic Bag S
394,6001-Plastic Bag Small,1.0,0.0,0.0,6001-Plastic Bag S
395,Bakmi Ayam Spc Ng,3.0,,73635.0,autre
395,Box Bakmie (M),3.0,,0.0,autre
395,Bakmi Ultah,1.0,,68182.0,autre
395,Box Yi Fu Mie (L),1.0,,0.0,autre
396,Cheese Tart,2.0,,5800000.0,TRIPPLE CHEESE
397,PILLOW COKLAT,1.0,36364.0,36364.0,autre
397,PILLOW DURIAN,1.0,36364.0,36364.0,autre
397,AYAM,2.0,10000.0,20000.0,GONG GIBAB
397,BANANA SPLIT,3.0,9545.0,28635.0,TWIST DONUT
397,DONATCOKLAT,4.0,10000.0,40000.0,Original Hugarian 
397,AYAM,1.0,10000.0,10000.0,GONG GIBAB
397,PLASTIK TENTENG KECIL,1.0,0.0,0.0,Original Hugarian 
398,KCS 1,,,25000.0,autre
398,WHOP JR 15K,,,15000.0,autre
398,CHANGE TO CHICKEN BOX,,,909.0,autre
399,BULGOGI SET,1.0,,45000.0,autre
400,(TW) MIE GORENG AYAM,1.0,,31819.0,autre
400,(TW)NASI GORENG,1.0,,27273.0,autre
400,NASI GORENG,1.0,,27273.0,NASI PUTIH
400,ES TEH TAWAR,2.0,,13638.0,NASI PUTIH
401,Bakso Campur,1.0,,25455.0,autre
401,Es Teh Manis,1.0,,7273.0,NASI PUTIH
402,1.5 JAM,,,225000.0,autre
403,CHOCO CORONET,1.0,,15500.0,autre
404,ORIGINAL COMBO,1.0,20000.0,20000.0,6001-Plastic Bag S
404,ORIGINAL COMBO,1.0,20000.0,20000.0,6001-Plastic Bag S
405,HOME CHARGER+KABEL 138 IP5 TS C,1000.0,13000000.0,13000000.0,6001-Plastic Bag S
406,Nu Greentea 330,1.0,6000.0,6000.0,autre
407,LAPIS SINGAPUR,2.0,15000.0,30000.0,autre
407,LEMPER,2.0,9000.0,18000.0,6001-Plastic Bag S
407,AREM AREM,,,8000.0,autre
407,MIKA BESAR,,,0.0,Original Hugarian 
407,PLASTIK SEDANG,,,0.0,Original Hugarian 
408,GoFood Beragam - ICE LAT TE,1.0,,13500.0,autre
408,ES KOPI SUSU,1.0,,18000.0,Original Hugarian 
409,BBQ Chicken,1.0,,41000.0,TRIPPLE CHEESE
410,B16COKSER,1.0,,125000.0,autre
411,DP. ORDER,1.0,25000.0,25000.0,6001-Plastic Bag S
412,CHOCO CROSSIANT,1.0,,13000.0,TRIPPLE CHEESE
413,CHIKATSU BEN,10.0,20000.0,200000.0,autre
413,BOX T. O,10.0,1000.0,10000.0,autre
413,OCHA,10.0,4000.0,40000.0,NASI PUTIH
414,bluberry pastry,1.0,12000.0,12000.0,autre
415,ALMOND CHOCO CREAM CHEESE,1.0,28000.0,28000.0,TRIPPLE CHEESE
416,NIKU UDON,1.0,,49091.0,6001-Plastic Bag S
416,ABURA UDON (SPICY),1.0,,40909.0,autre
416,INARI,1.0,,10000.0,NASI PUTIH
416,KAKIAGE TEMPURA,1.0,,10000.0,Original Hugarian 
416,COLD OCHA,1.0,,10909.0,NASI PUTIH
417,Blend GT (M),1.0,,60000.0,6001-Plastic Bag S
417,Es Kopi Susu Pandan,1.0,,35000.0,Original Hugarian 
418,SAUSAGE DONUT,1.0,,13000.0,TWIST DONUT
418,TLJ CROQUETTE,1.0,,17000.0,NASI PUTIH
418,CORONET,2.0,,27000.0,6001-Plastic Bag S
418,SPOOKY SOBORO,2.0,,24000.0,NASI PUTIH
418,SCREAMING RED BEAN,1.0,,13000.0,TWIST DONUT
418,PIZZA TOAST,1.0,,16000.0,TRIPPLE CHEESE
419,Pork Belly Cheese Fries,1.0,65000.0,65000.0,autre
419,Reflection Sparkling,1.0,20000.0,20000.0,autre
419,Hot Black Cofee,1.0,30000.0,30000.0,autre
419,Nasi Campur ala Bali,2.0,75000.0,150000.0,autre
419,"Oriental ""Ketjap"" Pork Rice",1.0,55000.0,55000.0,autre
420,Hulk Topper Package,1.0,,100000.0,autre
421,OCHA COLD,1.0,,7273.0,autre
421,ABURA SOBA CHK,1.0,,40909.0,autre
422,Thai Tea - ICE,1.0,,20000.0,autre
422,Green Tea ICE,1.0,,22000.0,autre
422,Thai Coffee ICE,1.0,,20000.0,autre
423,[MD] SOFT STEAMED CHEESEC,1.0,,10000.0,TRIPPLE CHEESE
423,CHOCO CUSTARD PASTRY,1.0,,12000.0,TWIST DONUT
424,Handmade Oyster Mee..,1.0,,35000.0,autre
425,ES TEH MANIS,2.0,,14546.0,NASI PUTIH
425,NS FILET IKN ASM MNS,1.0,,40910.0,autre
425,NS+AYAM GR TPG,1.0,,37273.0,autre
425,NASI GORENG SPC,1.0,,30001.0,Original Hugarian 
426,COLD OCHA,1.0,,10909.0,NASI PUTIH
426,BCA PROMO,1.0,,54455.0,autre
426,SKEWERED SHUMAI,1.0,,12727.0,autre
426,SKEWERED TOFU ROLL,1.0,,12727.0,TWIST DONUT
426,EBI TEMPURA,1.0,,13636.0,NASI PUTIH
426,KITSUNE UDON (KIDS),1.0,,28182.0,NASI PUTIH
427,Pangsit Delima,1.0,,27000.0,autre
427,Lumpia Udg K Th,1.0,,30000.0,autre
427,Ha Kaou Udng,1.0,,28000.0,autre
427,Cheong Fen Udg,1.0,,35000.0,autre
427,Hatosi Rambutan,2.0,,60000.0,autre
427,Sio May Kpting,1.0,,23500.0,autre
427,Kwo Tie Jala2,1.0,,50000.0,autre
427,Pancake Durian,1.0,,32000.0,autre
427,Mie Gr Udg Gala,1.0,,65000.0,autre
427,Lamien Udang T,1.0,,46000.0,autre
427,Lamien Aym Ktsu,1.0,,46000.0,autre
427,Ns Pgng Kj Sp,1.0,,55000.0,autre
427,Kwt Polos Mdn,1.0,,23500.0,autre
427,N Aym Hainam Jl,1.0,,39000.0,autre
427,Chinese Tea,1.0,,35000.0,ICED TEA
427,Ice Lemon Tea,1.0,,16000.0,ICED TEA
427,Mineral Water,2.0,,18000.0,Mineral Water
428,Combo 1,1.0,,30000.0,6001-Plastic Bag S
429,BLACKCURRANT,1.0,,32000.0,autre
429,FRIED CALAMARI,1.0,,85000.0,autre
429,SALTED EGG FISH & CHIPS,1.0,,99000.0,autre
429,DANISH FISH & CHIPS,1.0,,,autre
430,4005-Maple glazed,1.0,25000.0,25000.0,6001-Plastic Bag S
430,6001-Plastic Bag Small,1.0,0.0,0.0,6001-Plastic Bag S
430,5003-Chokoreto Cookies,1.0,62000.0,62000.0,autre
431,SATE T1,,,40000.0,autre
432,XXI Java Tea Spc,1.0,,25000.0,ICED TEA
432,Popcorn Sweet (S),1.0,,30000.0,autre
433,TORI BAITAN UDON,1.0,,43636.0,autre
433,BEEF CURRY RICE,1.0,,49091.0,autre
433,INARI,1.0,,10000.0,NASI PUTIH
433,COLD OCHA,1.0,,10909.0,NASI PUTIH
434,Caramel Small,1.0,,38000.0,TWIST DONUT
435,PREMIUM MILK PAN BREAD,1.0,,18000.0,TRIPPLE CHEESE
435,CREAMCHEESE WALNUT BREAD,1.0,,34000.0,autre
435,ROLL-IT PIZZA BREAD,1.0,,25000.0,autre
436,JAPANEESE GR TEA HOT,1.0,,12727.0,autre
436,CHICKEN SKIN,1.0,,10909.0,autre
436,GYU MOZZA DON,1.0,,53636.0,autre
436,C.KATSU NOODLE HP,1.0,,45454.0,autre
437,TALKING ACTIVITY BK,1.0,254500.0,254500.0,autre
437,KERTAS KADO 1500,1.0,1500.0,1500.0,autre
438,H N Cheesy Chic,1.0,,18636.0,6001-Plastic Bag S
438,Rice Organik,1.0,,6818.0,Original Hugarian 
438,K.Chees Chic RC,1.0,,30455.0,6001-Plastic Bag S
438,MOCA FLT OVLTIN,1.0,,8636.0,NASI PUTIH
438,Perkedel,1.0,,5909.0,TWIST DONUT
438,FFries Large,1.0,,18182.0,6001-Plastic Bag S
439,DarkBeer0.5L,1.0,,94000.0,autre
439,Weiss 0.3 L,1.0,,84000.0,autre
439,Grill Sea Bass,2.0,130000.0,260000.0,autre
439,LgrBeer0.3L,1.0,,79000.0,autre
439,FlyDark 0.3,1.0,,79000.0,autre
439,DarkBeer0.3L,1.0,,79000.0,autre
439,PaulanerP1,1.0,,385000.0,autre
440,1004-Smoked Cheese & Mushroom,1.0,24000.0,24000.0,autre
440,6001-Plastic Bag Small,1.0,0.0,0.0,6001-Plastic Bag S
441,DP. ORDER / 19cc0665,1.0,25000.0,25000.0,autre
442,SHISAMO MENTAIKO,1.0,,33000.0,autre
442,SALMON BACON,1.0,,49000.0,autre
442,DYNAMITE SCALLOP,1.0,,55000.0,autre
442,TOBIKO TOFU,1.0,,29000.0,autre
443,Salted Egg Yalk Chicken,1.0,,45000.0,autre
444,Arem Arem,4.0,12000.0,48000.0,GONG GIBAB
445,ALMOND SUGAR MILK BREAD,1.0,,22500.0,autre
445,POTATO SAUSAGE BREAD,1.0,,20000.0,TRIPPLE CHEESE
446,PREMIUM MILK PAN BREAD,1.0,,17500.0,TRIPPLE CHEESE
447,Cheese Tart,1.0,,2900000.0,TRIPPLE CHEESE
448,Berry Many-Low (P),1.0,,3750000.0,6001-Plastic Bag S
448,500 days of summer (P),1.0,,3750000.0,6001-Plastic Bag S
448,sun kissed (P),1.0,,3750000.0,NASI PUTIH
448,PLASTIC BAG,1.0,,50000.0,6001-Plastic Bag S
449,KING DEAL CHEESE BURGER R,,,25000.0,TRIPPLE CHEESE
449,KINGBBOBPG ML REG,,,25000.0,autre
449,MED ICED LEMON TEA,,,10000.0,autre
450,CUSTARD BRIOCHE,1.0,,9000.0,6001-Plastic Bag S
450,CUSTARD SOBORO,1.0,,12000.0,6001-Plastic Bag S
451,Cheese Twist,1.0,12000.0,12000.0,autre
452,Classic Milktea,1.0,,22000.0,autre
453,Kupon 13,,,49091.0,autre
454,MILK CREAM BREAD,1.0,,12500.0,autre
454,REAL MILK CHOCO BREAD,1.0,,12500.0,TRIPPLE CHEESE
454,RED BEAN BRAIDED BREAD,1.0,,20000.0,autre
455,BASO TAHU,1.0,43636.0,43636.0,Original Hugarian 
455,NASI PUTIH,1.0,6000.0,6000.0,NASI PUTIH
455,TAHU SATUAN,1.0,14545.0,14545.0,autre
456,mush pasta,1.0,,80000.0,autre
456,chic ques,1.0,,55000.0,autre
457,Es Kopi Susu,1.0,15000.0,15000.0,autre
458,DumDum Thai Iced Tea,1.0,,22000.0,autre
459,ZUPPA SOUP,,,28600.0,TWIST DONUT
459,CHILLY N'CHEESE,,,33000.0,autre
459,BEEF CHEDDAR PO,,,36300.0,autre
459,MINERAL WATER,,,6600.0,Mineral Water
460,Masker Bengkuang,1.0,11000.0,11000.0,autre
461,KFC Winger HC,2.0,,40000.0,6001-Plastic Bag S
461,Soaghetti Deluxe,1.0,,8182.0,autre
462,CHCKN CHEESE,,,26000.0,autre
463,TT,1.0,20000.0,20000.0,6001-Plastic Bag S
464,NIKU UDON,1.0,,49091.0,6001-Plastic Bag S
465,NASI RAMES,,,15000.0,autre
465,AYAM PANGGANG,,,22000.0,GONG GIBAB
465,ES TEH/TAWAR,,,11000.0,autre
466,NEW BEEF SPAGHETTI,1.0,,38182.0,TRIPPLE CHEESE
466,P/P AMERICAN FAV,1.0,,29091.0,6001-Plastic Bag S
466,PAKET HAPPY HOUR,1.0,,27273.0,Original Hugarian 
467,THAI ICED TEA,1.0,22000.0,22000.0,ICED TEA
468,Nasi CampurBali,2.0,52000.0,104000.0,autre
468,Sambal Besar,1.0,32000.0,32000.0,autre
468,Sambal Kecil,1.0,7000.0,7000.0,autre
468,Es Teh Manis,2.0,7000.0,14000.0,NASI PUTIH
468,KrpBangka/Bawang,1.0,10000.0,10000.0,autre
469,Hero,2.0,,23000.0,autre
469,Choco Bite,3.0,,19500.0,autre
470,VANBALL,1.0,9000.0,9000.0,6001-Plastic Bag S
471,Avocado with Rock Salt and Cocoa,1.0,,30000.0,autre
472,LE MINERALE 600ML,1.0,3100.0,3100.0,autre
472,PLASTIK SDG,1.0,1.0,1.0,autre
473,DORI SAMBAL MATAH 1+1,1.0,29000.0,29000.0,autre
474,GANACHE MOUSSE PIECE,1.0,,32500.0,NASI PUTIH
475,IKAN GURAME MED,1.0,,158000.0,autre
475,CUMI GR JUNJAN,1.0,,129000.0,Original Hugarian 
475,CUMI GR TEPUNG,1.0,,129000.0,autre
475,AGSIO TH PC JMR,1.0,,147000.0,Original Hugarian 
475,POCAI BWG PUTIH,1.0,,90000.0,NASI PUTIH
475,LUMPIA UDG PREM,1.0,,144000.0,autre
475,NASI PUTIH,6.0,10000.0,60000.0,NASI PUTIH
475,HOT TEA,3.0,12000.0,36000.0,ICED TEA
475,AQUA,1.0,,11000.0,Mineral Water
475,ICED TEA,2.0,12000.0,24000.0,ICED TEA
475,ICED TEA,1.0,,12000.0,ICED TEA
476,PLASTIC BAG,1.0,,50000.0,6001-Plastic Bag S
476,Pink Panther (P),1.0,,3750000.0,autre
476,Red dragon (P),1.0,,3750000.0,autre
477,CAPPUCCINO,,,28000.0,TRIPPLE CHEESE
477,ORANGE JUICE,2.0,24000.0,48000.0,TWIST DONUT
478,Pecel Pincuk,10.0,12727.0,127270.0,autre
478,Tahu Bacem,5.0,3182.0,15910.0,autre
478,Tempe Bacem,5.0,3182.0,15910.0,autre
478,Empal,2.0,12727.0,25454.0,autre
478,Peyek Parcel,1.0,25455.0,25455.0,autre
479,VALINO DONNA,2.0,349900.0,,autre
479,SB SIZE 45.5,,,0.0,autre
480,Cheese Tart,1.0,,2900000.0,TRIPPLE CHEESE
481,1517-ROTI KENTANG KEJU MANIS,1.0,2350000.0,2350000.0,autre
481,1009-ROTI KELAPA,3.0,800000.0,2400000.0,autre
481,1439-TUNA CHEESE WHEAT SANDWICH,1.0,1450000.0,1450000.0,autre
481,1244-PLASTIK TENTENGAN SEDANG,1.0,0.0,0.0,autre
482,THAI ICETEA,,,20000.0,autre
482,ICE GREENTEA,,,22000.0,autre
483,Lemon Tea (L),1.0,,25000.0,ICED TEA
484,Aqua MinWtr 330ml,2.0,,11818.0,autre
485,TRIPPLE CHEESE,1.0,17000.0,17000.0,TRIPPLE CHEESE
486,ALMOND CREAM CHEESE,1.0,28000.0,28000.0,TWIST DONUT
487,R.PISANG COKLAT,2.0,,22000.0,autre
487,D.RING COKLAT,2.0,,18000.0,autre
487,R.BANA CHIP,1.0,,9000.0,autre
487,R.TAWAR ISI 2,1.0,,4500.0,autre
487,NU GREENTEA ORGE,1.0,,4500.0,autre
487,YAKULT ISI 5 PCS,2.0,,18000.0,autre
488,T. CREAM M 21,3.0,21000.0,63000.0,autre
489,PAKET BER2,1.0,,69091.0,Original Hugarian 
490,Bio Solar,48540.0,5150.0,250000.0,Mineral Water
491,TWIST DONUT,1.0,,9000.0,TWIST DONUT
491,CUSTARD SOB RO,1.0,,12000.0,autre
492,NASI PUTIH,,,13000.0,NASI PUTIH
492,AYAM GR BUMBU,2.0,22000.0,44000.0,autre
492,NESTLE 330 ML,2.0,8000.0,16000.0,6001-Plastic Bag S
493,Large 1,1.0,,11000.0,6001-Plastic Bag S
493,Small 1,3.0,,30000.0,autre
493,*PlastiK Kcl,1.0,,0.0,Original Hugarian 
494,Cha Keaw,1.0,,25000.0,autre
495,AQUA BOTOL,,,5455.0,Mineral Water
496,BBQ Chicken,1.0,,41000.0,TRIPPLE CHEESE
496,Mineral Water 600 ml,1.0,,8000.0,autre
496,Teh Pucuk 350 ml,1.0,,7000.0,autre
497,SOUR CREAM N ONION,1.0,17000.0,17000.0,TWIST DONUT
498,MILK PASTRY ROLL,1.0,,9000.0,TWIST DONUT
498,CARAMEL PASTRY,1.0,,12000.0,TWIST DONUT
499,YIFUMI,1.0,,41818.0,NASI PUTIH
499,Bihun Goreng,1.0,,35454.0,autre
499,Nasi Goreng,1.0,,31818.0,NASI PUTIH
500,BASO TAHU BIHUN,1.0,50000.0,50000.0,Original Hugarian 
500,LIMAU KASTURI,1.0,13636.0,13636.0,autre
500,LOYALTY PROGRAM,1.0,0.0,0.0,autre
501,CHICKEN PICATTA,1.0,46363.0,46363.0,autre
501,JAVA TEA,1.0,11363.0,11363.0,autre
502,VANBOOLEN,,,9000.0,autre
502,JONGKONG,,,15500.0,autre
502,PLASTIK KECIL,,,0.0,Original Hugarian 
502,SENDOK BEBEK,,,0.0,Original Hugarian 
503,Ayam Grg Kalasan,1.0,22727.0,22727.0,autre
503,Tempe,3.0,4545.0,13635.0,autre
503,MDSE ST,,,36362.0,autre
504,NESTLE 600 M1,100.0,,9500.0,6001-Plastic Bag S
505,MACARONI,,,10000.0,autre
505,LUMPIA,2.0,9500.0,19000.0,autre
505,BANANA KISMIS,,,8000.0,TWIST DONUT
505,SOSIS SOLO,,,9000.0,autre
505,LUMPUR,,,8000.0,autre
505,DADAR PISANG,,,8500.0,autre
505,KLEPON,,,8000.0,autre
505,BUGIS,,,8000.0,autre
505,PLASTIK TENTENG,,,0.0,Original Hugarian 
506,ICED TT,,,20000.0,ICED TEA
507,Pertamax,2210.0,9850.0,217685.0,autre
508,1013-ROTI NANAS,1.0,850000.0,850000.0,autre
508,3025-BOLU GULUNG MOCCA PTG,1.0,600000.0,600000.0,autre
508,5014-LEMPER IKAN,1.0,650000.0,650000.0,autre
508,1245-PLASTIK TENTENGAN KECIL,1.0,0.0,0.0,autre
509,HAI CMP SPC,1.0,,49090.0,6001-Plastic Bag S
510,1026-Garlic Pesto,1.0,22000.0,22000.0,autre
510,1028-Dark Choco Creamcheese,1.0,26000.0,26000.0,autre
510,6001-Plastic Bag Small,1.0,0.0,0.0,6001-Plastic Bag S
511,TWIST STRAWBERRY DONUT,2.0,,20000.0,TWIST DONUT
511,TWIST ORANGE CHOCO DONUT,1.0,,10000.0,TWIST DONUT
512,Gado Gado,1.0,,36000.0,autre
512,Nasi Putih GG,1.0,,7000.0,autre
513,WOOSAM RICE R,1.0,,33636.0,GONG GIBAB
514,APPLE PIE,2.0,,22000.0,TWIST DONUT
514,APPLE CREAMCHEESE PASTRY,1.0,,13000.0,TWIST DONUT
515,ZUPPA SOUP,3000.0,28600.0,85800.0,TWIST DONUT
515,MINERAL WATER,3000.0,6600.0,19800.0,Mineral Water
516,ChicTeriyakiTeishoku,1.0,,59000.0,autre
516,JapaneseBeef Hamburg,1.0,,43000.0,autre
516,Ocha Cold,1.0,,15000.0,autre
516,Ocha Hot,1.0,,15000.0,autre
517,MILK PASTRY ROLL,3.0,,27000.0,TWIST DONUT
517,REDBEAN BREAD,4.0,,36000.0,TWIST DONUT
517,FRANKFRUT SAUSAGE ROLL,2.0,,24000.0,TWIST DONUT
518,ORI SLMN,,,49000.0,autre
519,Kopi Susu R,1.0,,19000.0,autre
520,Premier Mineral Water (L t1),1.0,,8000.0,autre
520,Lychee Tea,1.0,,15000.0,ICED TEA
521,NEW BEEF SPAGHETTI,1.0,,40000.0,TRIPPLE CHEESE
521,NEW BEEF LASAGNA,1.0,,47273.0,autre
521,PAKET BER2,1.0,,69091.0,Original Hugarian 
522,Kuey Teow Goreng Singapore,1.0,43000.0,43000.0,autre
522,Tea (Ice),1.0,12000.0,12000.0,autre
523,Caramel Medium,1.0,,50000.0,TWIST DONUT
524,TONGSENG SAPI,1.0,28000.0,28000.0,autre
525,,1.0,17000.0,17000.0,autre
526,Passionfruit Mojito,1.0,,14000.0,autre
527,OPEN KITCHEN,1.0,,102000.0,TRIPPLE CHEESE
527,TAHU LAMPION,1.0,,165000.0,autre
527,OPEN KITCHEN,1.0,,0.0,TRIPPLE CHEESE
527,SUP JGG KPT,1.0,,132000.0,autre
527,AYAM PANGGANG,1.0,,168000.0,GONG GIBAB
527,CHINESE TE,2.0,14000.0,28000.0,NASI PUTIH
527,LUMPIA UDANG,1.0,,71000.0,autre
527,OPEN KITCHEN,1.0,,78000.0,TRIPPLE CHEESE
527,NASI PUTIH,5.0,10000.0,50000.0,NASI PUTIH
528,CHOCOLATE ECLAIR,1.0,,13000.0,autre
528,DOUBLE CHEESE PAN BREAD(L,1.0,,37000.0,autre
528,WHOLE WHEAT PAN BREAD,1.0,,20000.0,autre
529,DP. ORDER,1.0,80000.0,80000.0,6001-Plastic Bag S
530,Cheese Tart,2.0,,5800000.0,TRIPPLE CHEESE
531,Combo 1,2.0,,60000.0,6001-Plastic Bag S
532,CHIC NAMBAN BENTO,1.0,,58000.0,Original Hugarian 
533,TROPICAL PUNCH,1.0,,30000.0,NASI PUTIH
533,SOUP 50%,1.0,,7273.0,TRIPPLE CHEESE
533,SALAD BAR 50%,1.0,,17273.0,TRIPPLE CHEESE
534,3190-Disney Taartjes Siram Coklat,1.0,1450000.0,1450000.0,autre
534,1245-Plastik Tentengan Kecil,1.0,0.0,0.0,Original Hugarian 
534,4032-Mini Glazed Croissant (isi 5 pcs),1.0,2200000.0,2200000.0,autre
535,Milo,1.0,,14000.0,autre
536,BBQ Chicken,1.0,,41000.0,TRIPPLE CHEESE
537,KOPI CAM,1.0,,20000.0,6001-Plastic Bag S
538,Mineral Water,1.0,,9000.0,Mineral Water
538,Nasi Goreng Buntut,1.0,,69500.0,autre
538,NASI LIWET,1.0,,49000.0,autre
538,Ayam Penyet Sambal Glede,1.0,,44000.0,autre
538,Mendoan,1.0,,31000.0,NASI PUTIH
538,Teh Tawar Panas,2.0,,22000.0,NASI PUTIH
538,Teh Tubruk Jahe,1.0,,24500.0,autre
539,Combo 4,1.0,,51948.0,autre
539,Crispy Mushroom,1.0,,45000.0,autre
539,Equil Natural,1.0,,30000.0,autre
540,SB 1 HC,1.0,,27727.0,6001-Plastic Bag S
540,CHARGE TA,1.0,,909.0,6001-Plastic Bag S
541,Sabun Beras,1.0,30000.0,30000.0,autre
542,SI EKO,3.0,,60000.0,autre
543,HZ CHOCO M1 (L) TOPPING,1.0,,27000.0,autre
544,SUSHI SALMON,100.0,6500000.0,6500000.0,autre
544,SALAD DRESSING THOUSAND ISLAND,100.0,350000.0,350000.0,autre
544,LEMONADE,200.0,800000.0,1600000.0,autre
544,SHRIMP SATSUMA,100.0,800000.0,800000.0,autre
544,SHITAKE SKEWER,100.0,900000.0,900000.0,autre
544,SPICY TEMPURA,100.0,900000.0,900000.0,autre
544,SAUCE SHOYU SUSHI YAMASA HALAL,1000.0,100000.0,1000000.0,autre
544,SUSHI SALMON FRESH PAKET,100.0,3600000.0,3600000.0,autre
544,SENDOK DAN GARPU PLASTIK,100.0,100000.0,100000.0,Original Hugarian 
544,TOBIKKO ORANGE,300.0,500000.0,1500000.0,autre
544,TAMAGO,100.0,300000.0,300000.0,autre
544,SATSUMA AGE NIGIRI,100.0,300000.0,300000.0,autre
545,M02.LMK BEEF RNDANG,1.0,,55800.0,autre
545,I13.SIMANGOSONG,1.0,,52800.0,autre
545,101.NS BEBEK KAMPUNG,1.0,,52800.0,autre
545,A13.MIE ACP,1.0,,40800.0,autre
545,CT06.TEA 0 HOT R.,2.0,,27600.0,autre
545,CT06.TEA 0 ICE R.,3.0,,44400.0,autre
545,NO1.MR.MI TLR ASIN,1.0,,45800.0,autre
546,Tea Latte,1.0,,20000.0,ICED TEA
547,SAUSAGE DONUT,1.0,,14000.0,TWIST DONUT
547,PREMIUM TOAST PAN BREAD,1.0,,25000.0,TRIPPLE CHEESE
548,1057-French Bread Puding,1.0,20000.0,20000.0,autre
548,1001-Choco Bun,3.0,22000.0,66000.0,6001-Plastic Bag S
548,6002-Plastic Bag Medium,1.0,0.0,0.0,6001-Plastic Bag S
549,[MD] SOFT STEAMED CHOCOCA,1.0,,10000.0,autre
549,[MD] SOFT STEAMED CHEESEC,1.0,,10000.0,TRIPPLE CHEESE
549,[MD] MINI CASTELLA ORIGIN,1.0,,11000.0,autre
549,REDBEAN BREAD,2.0,,18000.0,TWIST DONUT
550,Six,1.0,,125000.0,autre
551,GYOZA AYAM GORENG,1.0,,32000.0,GONG GIBAB
551,OCHA DINGIN,3.0,,36000.0,NASI PUTIH
551,RAMEN AYAM SPECIAL,3.0,,186000.0,GONG GIBAB
552,Original Hugarian Ku,1.0,20000.0,20000.0,Original Hugarian 
552,Original Hugarian Ku,1.0,20000.0,20000.0,Original Hugarian 
552,Original Hugarian Ku,1.0,20000.0,20000.0,Original Hugarian 
552,Original Hugarian Ku,1.0,20000.0,20000.0,Original Hugarian 
553,Tepung Jagung,1.0,15000.0,15000.0,Original Hugarian 
554,White Toast,1.0,,20000.0,autre
555,DL+GA+FF+R+2RB,,88000.0,88000.0,autre
555,UP Drink 16,1.0,0.0,0.0,autre
555,UP Orange 16,1.0,2000.0,2000.0,autre
556,KP BRANDING S,1.0,1.0,1.0,autre
556,HYDROCOCO 250ML,2.0,6900.0,13800.0,autre
557,STRAWBERRY FRESH CREAM CA,1.0,,190000.0,autre
558,YAKI ADULT,3.0,178500.0,535500.0,autre
558,SHABU ADULT,3.0,178500.0,535500.0,autre
559,Salted Egg Chicken,1.0,,22727.0,autre
560,Nasi,1.0,,6000.0,autre
560,Soup Patin,1.0,,20000.0,autre
560,Kerang/Kikil,1.0,,10000.0,autre
560,Tahu Woku,1.0,,4000.0,autre
560,Tahu Bakso,1.0,,5000.0,autre
560,Teh Kotak,1.0,,5000.0,autre
560,Mineral Cup,1.0,,2000.0,autre
561,Combo 1.,2.0,,60000.0,autre
562,PKT AYAM,,,33000.0,GONG GIBAB
563,Mocha,1.0,,47273.0,autre
563,Cappucino,1.0,,36364.0,autre
563,Ice Tea,1.0,,0.0,ICED TEA
563,Lemon Juice,1.0,,36364.0,autre
563,Croque Mme.,1.0,,0.0,autre
563,Caesar Salad,1.0,,72727.0,autre
563,Canele (Mini),1.0,,31818.0,autre
564,JPR SUS U,,,12727.0,autre
564,L C MESES,,,20000.0,autre
564,PLASTIK 33,,,0.0,autre
565,CHOCO CUSTARD PASTRY,1.0,,12000.0,TWIST DONUT
565,NOIR PIZZA BREAD,1.0,,16000.0,autre
566,2005-CHEESE JOHN,1.0,950000.0,950000.0,TRIPPLE CHEESE
567,PILOW DUR PX,,,40000.0,autre
567,NASI BAKAR,,,31500.0,autre
567,MIKA BESAR,,,0.0,Original Hugarian 
567,SENDOK MAKAN,,,0.0,Original Hugarian 
567,SIOMAY,4.0,9500.0,38000.0,autre
567,MIKA SEDANG,,,0.0,autre
567,GARPU MAKAN,,,0.0,autre
567,MACARONI GR,,,9000.0,autre
567,PASTELGORENG,,,9000.0,autre
567,SEMAR MENDEM,,,9000.0,autre
567,BAKWAN JAGUNG,,,6500.0,autre
567,PLASTIK TENTENG,,,0.0,Original Hugarian 
568,Large 1,2.0,,22000.0,6001-Plastic Bag S
568,Polo 1,2.0,,24000.0,autre
568,*PlastiK Kcl,1.0,,0.0,Original Hugarian 
569,Sate Babi Manis,2.0,3000.0,6000.0,autre
569,Sate Babi Bumbu Bali,2.0,4000.0,8000.0,autre
569,Lapolong,1.0,4000.0,4000.0,autre
569,Sate Babi Cabe Ijo,1.0,4000.0,4000.0,autre
569,Paru Babi,1.0,3000.0,3000.0,autre
569,Ngohiong,1.0,4000.0,4000.0,autre
569,Es Teh Manis,1.0,5000.0,5000.0,NASI PUTIH
570,REDBEAN BREAD,1.0,,9000.0,TWIST DONUT
570,KAYA BUN,1.0,,9500.0,NASI PUTIH
570,REAL MILK CHOCO BREAD,2.0,,25000.0,TRIPPLE CHEESE
571,SMOKY PAN CLASSIC,1.0,,59000.0,autre
571,Chicken Popcorn,1.0,,29000.0,autre
572,RTD Lemongrass Aloe,1.0,15000.0,15000.0,TWIST DONUT
573,BASO KUAH,1.0,41363.0,41363.0,Original Hugarian 
574,BASO TAHU,1.0,43636.0,43636.0,Original Hugarian 
574,NASI PUTIH,1.0,6000.0,6000.0,NASI PUTIH
574,A.MINERAL GELAS,1.0,3000.0,3000.0,autre
575,Pastel,15.0,12000.0,180000.0,autre
575,Kroket,10.0,12000.0,120000.0,6001-Plastic Bag S
576,MANGGO SMOOTHIE,1.0,,20909.0,autre
577,S-Chocolate Milk,1.0,20000.0,20000.0,autre
578,SAM DA S00 MINERAL WATER,1.0,,16000.0,Mineral Water
578,TWIST DONUT,2.0,,18000.0,TWIST DONUT
579,Popcorn Salt (S),1.0,,20000.0,autre
580,Tebu Lemon,1.0,,22000.0,autre
581,4005-Maple glazed,1.0,25000.0,25000.0,6001-Plastic Bag S
581,6001-Plastic Bag Small,1.0,0.0,0.0,6001-Plastic Bag S
582,BLACKPINK,1.0,,28000.0,autre
582,MATCHABERRY,1.0,,28000.0,autre
583,KING DEAL FISH,1.0,,2750000.0,TRIPPLE CHEESE
583,KING DEAL CHEESE BG,1.0,,2750000.0,autre
583,1 BIC ALA CARTE,1.0,,1750000.0,autre
584,BENTO CHICKEN TERIYAKI,100.0,3200000.0,3200000.0,autre
584,SURIMI - SATSUMA AGE VEGETABLE,100.0,800000.0,800000.0,autre
584,CALAMARI KATSU,100.0,900000.0,900000.0,autre
584,DORI KATSU,100.0,900000.0,900000.0,autre
584,ROBA - SPICY KAWA SKEWER KULIT,100.0,900000.0,900000.0,autre
584,SENDOK DAN GARPU PLASTIK,100.0,100000.0,100000.0,Original Hugarian 
584,SALAD DRESSING SPICY TOMATOES KEWPIE 25ML,100.0,450000.0,450000.0,autre
585,Choco Lining Bread,1.0,21000.0,21000.0,autre
585,Tuna N Chicken Floos Bread,1.0,13500.0,13500.0,autre
586,TWIST DONUT,6.0,,54000.0,TWIST DONUT
586,PIZZA TOAST,2.0,,32000.0,TRIPPLE CHEESE
586,CROQUE MONSIEUR,1.0,,17000.0,autre
587,1017-Roti Pisang Keju,1.0,900000.0,900000.0,autre
587,1025-Roti Sosis Sapi,1.0,1100000.0,1100000.0,autre
588,CHICKEN KATSU CURRY RICE,1.0,,46364.0,autre
588,NIKU UDON,1.0,,49091.0,6001-Plastic Bag S
588,HOT OCHA,1.0,,10909.0,NASI PUTIH
589,SAMGYOPSAL,2.0,,194000.0,GONG GIBAB
589,SUL LUNG TANG,1.0,,75000.0,autre
589,MAKOLI,1.0,,100000.0,Original Hugarian 
590,BREAD BOX M,1.0,,4000.0,autre
590,PEACH PASTRY,3.0,,51000.0,TWIST DONUT
591,Gangster BZR,1.0,,30000.0,autre
592,NB AYAM,,,41818.0,autre
592,TEH/ES TEH MANIS,,,7727.0,autre
593,DEPT04,,,24000.0,6001-Plastic Bag S
593,DEPT01,,,22000.0,6001-Plastic Bag S
594,CHOCO CROSSIANT,1.0,,13000.0,TRIPPLE CHEESE
595,CB PR SIRLOIN,1.0,162000.0,162000.0,6001-Plastic Bag S
595,F.FRIES MEDIUM,2.0,0.0,0.0,autre
595,F.FRIES COMBO,1.0,0.0,0.0,autre
595,BROWN SAUCE,2.0,0.0,0.0,autre
595,ES TEH TAWAR,1.0,8000.0,8000.0,NASI PUTIH
595,COCA COLA,1.0,13000.0,13000.0,TWIST DONUT
596,Seaweed Chicken,1.0,,42000.0,TRIPPLE CHEESE
597,1001-Choco Bun,1.0,22000.0,22000.0,6001-Plastic Bag S
597,6001-Plastic Bag Small,1.0,0.0,0.0,6001-Plastic Bag S
598,WALL'S BABY SHARK 60,1.0,3000.0,3000.0,autre
598,MAGNUM WHT ALMND 80,1.0,15000.0,15000.0,6001-Plastic Bag S
598,WALL'S FEAST VNILA65,1.0,5400.0,5400.0,autre
599,Full Box,1.0,,31818.0,autre
599,SB 1 HC,1.0,,27727.0,6001-Plastic Bag S
600,Caramel Medium,1.0,,50000.0,TWIST DONUT
601,KOROKE ORI,1.0,,12600.0,autre
601,KOROKE CURRY,1.0,,13500.0,autre
601,EBI KTSU 1 PCS,1.0,,29800.0,autre
601,TSUKUNE,3.0,,35100.0,autre
601,MOMO,1.0,,11700.0,autre
601,ONIGIRI,1.0,,13500.0,autre
602,GRAINS PAN BREAD,1.0,,20500.0,autre
603,TEH PANAS,1.0,,5455.0,NASI PUTIH
603,ES TEH TAWAR,1.0,,6364.0,NASI PUTIH
603,NASI CAH JAMUR,1.0,,32728.0,autre
603,BIHUN GORENG AYAM,1.0,,29091.0,autre
604,Bihun Ayam Jamur,1.0,,25909.0,autre
604,Es Teh,1.0,,5455.0,NASI PUTIH
605,ES KOPI SUSU,6.0,,108000.0,Original Hugarian 
605,ES KOPI SOKLAT,1.0,,20000.0,autre
606,WARISAN 2 FREE DRINK,1.0,,63000.0,TWIST DONUT
606,WARISAN 2 FREE DRINK,1.0,,63000.0,TWIST DONUT
607,Pepper Steak,1.0,,122727.0,autre
608,DAGING SAPI,1.0,,75000.0,autre
609,CINNAMON SUGAR,1.0,17000.0,17000.0,TWIST DONUT
609,TRIPPLE CHEESE,1.0,17000.0,17000.0,TRIPPLE CHEESE
610,REGULAR JASMINE TEA,,,7273.0,autre
610,Kupon 7,,,42727.0,6001-Plastic Bag S
610,Kupon 4,,,22727.0,autre
610,BOGO CHEESY RASHER,,,13636.0,autre
610,MS SWISS ML MED,,,36818.0,autre
611,Round Wagyu (1gr),202.0,,80800.0,6001-Plastic Bag S
611,Wagyu Rice Box,1.0,,10000.0,GONG GIBAB
612,Mineral Water,1.0,,6364.0,Mineral Water
612,Mocca Float,1.0,,8636.0,NASI PUTIH
612,1 PC CHOCHICKS,1.0,,18636.0,autre
613,Crispy Egg Corn,1.0,,42000.0,autre
613,Mun Tofu,1.0,,62000.0,autre
613,Go Hiong,1.0,,65000.0,autre
613,Steam Rice,3.0,12000.0,36000.0,ICED TEA
613,Ice Lemon Tea,2.0,18000.0,36000.0,ICED TEA
614,Lemon iced tea,1.0,,25000.0,autre
614,Banana Milkshake,1.0,,35000.0,autre
614,Heavy alvin potato,1.0,,49000.0,autre
614,fettucine Hubert chicken capers,1.0,,65000.0,autre
615,Nutella Cheese,1.0,,27272.0,TRIPPLE CHEESE
616,BASO KWETIAU,1.0,43636.0,43636.0,autre
616,A.MINERAL BOTOL,1.0,8000.0,8000.0,Mineral Water
617,Dumpling,1.0,,9000.0,NASI PUTIH
617,Jamur Kuping,1.0,,8000.0,Original Hugarian 
617,Caisim Kecil,1.0,,7000.0,Original Hugarian 
617,Lapchiong,2.0,12000.0,24000.0,TWIST DONUT
617,Otak-otak Singapore,2.0,11000.0,22000.0,Original Hugarian 
617,Bihun (MLY),1.0,,8000.0,GONG GIBAB
618,SUKIYAKI BEEF RICE DEALJAVA,1.0,,41728.0,autre
619,Nasi Goreng,1.0,,29091.0,NASI PUTIH
619,Nasi Goreng Ayam,1.0,,23636.0,autre
620,Nasi (MLY),1.0,,6000.0,autre
621,TLJ SPANISH COFFEE,2.0,,70000.0,autre
621,CLASSIC CREAMCEESE CINNAM,1.0,,10000.0,autre
622,DN. LONG JOHN,1.0,,8000.0,autre
622,RB. AI-AI CHOCO,1.0,,8000.0,6001-Plastic Bag S
622,RB. SAPSAY CHICKEN,1.0,,9500.0,autre
623,IKAN GURAME REG,1.0,,118000.0,autre
623,POCAI 3 TELUR,1.0,,72000.0,autre
623,UDG GR MAYONAISE,1.0,,147000.0,autre
623,TAHU JPG S TRM,1.0,,78000.0,autre
623,NASI PUTIH,2.0,10000.0,20000.0,NASI PUTIH
623,ES TEH TAW GUILINGGAO,2.0,12000.0,24000.0,autre
623,OPEN DESSERT,1.0,,26000.0,autre
624,Chicken Soy Sauce H,1.0,,95000.0,autre
624,Butter Cheese Corn,1.0,,45000.0,autre
624,Bintang L,1.0,,59000.0,autre
624,Chum Churum,1.0,,140000.0,autre
625,ALMOND CREAM CHEESE,1.0,28000.0,28000.0,TWIST DONUT
626,Mineral Water (S),1.0,,15000.0,Mineral Water
626,Pocky Chocolate,1.0,,20000.0,TWIST DONUT
626,Nerds Strw Grape,1.0,,42000.0,TWIST DONUT
626,Nerds Trop Punch,1.0,,42000.0,6001-Plastic Bag S
626,Nerds Watermelon,1.0,,42000.0,TWIST DONUT
627,Choco Cheese,1.0,,13636.0,TRIPPLE CHEESE
628,CHEESE VOLCANO,1.0,,23000.0,TRIPPLE CHEESE
629,Happy Rice Box,1.0,,41000.0,autre
630,Grilled Salmon Head,1.0,,24500.0,autre
630,Set Menu Family,1.0,,318000.0,6001-Plastic Bag S
630,Tairyos Salmon Maki,1.0,,46000.0,autre
630,Tepanyaki Cawanmushi,2.0,,44000.0,autre
630,Teppan Seafood Fr Rc,1.0,,36000.0,autre
630,Tobiko Gunkan,1.0,,24000.0,autre
631,CHOC BANANA,,,10000.0,autre
631,CHEESE BUN,,,10500.0,autre
631,SUPER CHEESE,,,13000.0,TRIPPLE CHEESE
631,SUPER CHEESE,,,13000.0,TRIPPLE CHEESE
631,CLS CHK CHIL,,,12000.0,autre
631,PLASTIC BAG ME,,,0.0,autre
632,MACARON BLUE,2.0,,22000.0,autre
633,Pavarotti,1.0,,16000.0,autre
633,Lov Triangle,1.0,,12000.0,autre
633,Choco Bun,1.0,,10500.0,autre
633,Mgc Chees Wd,1.0,,10000.0,autre
633,Hot Cappuccino,1.0,,20000.0,autre
633,Ice Cappuccino,1.0,,20000.0,autre
634,Seaweed Chicken,1.0,,42000.0,TRIPPLE CHEESE
635,ORIGINAL,,,12000.0,6001-Plastic Bag S
635,TIRAMISU CIN,,,14000.0,Original Hugarian 
635,MUF CHOC CHP,,,12000.0,autre
635,CHO CAKE SMA,,,12000.0,autre
635,RED VELVET,2.0,10000.0,20000.0,TWIST DONUT
635,HAZELNUT,,,15000.0,autre
635,TIRAMISU CIN,,,14000.0,Original Hugarian 
635,ORIGINAL,,,12000.0,6001-Plastic Bag S
636,PKT AYAM,,,33000.0,GONG GIBAB
637,Popcorn Salt (M),1.0,,40000.0,TWIST DONUT
638,NS GR TELOR KEBULI,1.0,,27272.0,autre
639,Caramel Small,1.0,,38000.0,TWIST DONUT
640,medium tub,1.0,490000.0,490000.0,Mineral Water
641,CRISPY APPLE RAISIN PASTR,1.0,,11500.0,TWIST DONUT
641,PAIN AU CHOCOLATE,1.0,,11000.0,TWIST DONUT
641,REDBEAN BREAD,1.0,,9000.0,TWIST DONUT
642,Es Kopi Susu Sudirma n,5.0,18000.0,90000.0,autre
643,1001-Choco Bun,1.0,22000.0,22000.0,6001-Plastic Bag S
643,6001-Plastic Bag Small,1.0,0.0,0.0,6001-Plastic Bag S
644,Air Mineral,1.0,5000.0,5000.0,Mineral Water
645,S-Ovaltine Macchiat,2.0,22000.0,44000.0,TRIPPLE CHEESE
645,S-KOI Cafe Macchiat,1.0,25000.0,25000.0,autre
646,TWIST DONUT,3.0,,27000.0,TWIST DONUT
646,CRANBERRY WALNUT (S),2.0,,17000.0,TWIST DONUT
646,POTATO SAUSAGE BREAD,1.0,,19000.0,TRIPPLE CHEESE
646,BLACK CHEESE HOTDOG,1.0,,20000.0,TRIPPLE CHEESE
647,-Plastic Big Small,1.0,0.0,0.0,autre
647,-Chokoreto Cookies,1.0,6200000.0,6200000.0,autre
647,-Corn Flakes Cookies,1.0,5600000.0,5600000.0,autre
648,2005-CHEESE JOHN,1.0,950000.0,950000.0,TRIPPLE CHEESE
649,CARBONARA UDON,1.0,,49091.0,NASI PUTIH
649,EGG TEMPURA [P],1.0,,8182.0,autre
649,EBI TEMPURA,1.0,,13636.0,NASI PUTIH
649,COLD OCHA,1.0,,10909.0,NASI PUTIH
650,CAPPUCCINO,,28000.0,,TRIPPLE CHEESE
650,ORANGE JUICE,2.0,24000.0,48000.0,TWIST DONUT
651,Elevenia Taro Smoothies,1.0,,9090.0,autre
652,WHDP JR 15K,,,15000.0,autre
652,TakeQuay Charge,,,909.0,autre
653,Pandan Cream brulee,1.0,,59000.0,autre
653,Tanqueray NO 10 gls,2.0,,240000.0,autre
653,Lurisia Bolle 330ml,1.0,,55000.0,autre
653,Lurisia stille 330ml,1.0,,45000.0,autre
653,Tonic Water,1.0,,36000.0,autre
654,ALMOND CREAM CHEESE,2.0,28000.0,56000.0,TWIST DONUT
655,ORIGINAL NO SALT,1.0,12000.0,12000.0,TWIST DONUT
655,SOUR CREAM N ONION,2.0,17000.0,34000.0,TWIST DONUT
656,RAKUNI KM KEJU PCS/PCS,1.0,,10000.0,autre
657,Kroket,1.0,12000.0,12000.0,6001-Plastic Bag S
658,Tea Latte,1.0,,20000.0,ICED TEA
659,GYOZA AYAM GORENG,1.0,,32000.0,GONG GIBAB
659,OCHA HANGAT,2.0,,24000.0,autre
659,OCHA DINGIN,1.0,,12000.0,NASI PUTIH
659,RAMEN AYAM SPECIAL,3.0,,186000.0,GONG GIBAB
660,BL1 M LW,1.0,70000.0,70000.0,autre
660,WH3 M LW,1.0,70000.0,70000.0,autre
660,RE5 M LW,1.0,70000.0,70000.0,autre
661,[REG] BLACK SAKURA,1.0,,45455.0,NASI PUTIH
661,[REG] BLACK SAKURA,1.0,,45455.0,NASI PUTIH
662,Combo 2,1.0,,30000.0,autre
663,THAI ICED TEA (L),1.0,16363.0,16363.0,ICED TEA
664,KEJU SUSU,,,11000.0,autre
664,PISANG KEJU,,,11500.0,autre
664,PLASTIK KECIL,,,0.0,Original Hugarian 
665,MANUKA HONEY,2.0,385000.0,770000.0,TWIST DONUT
666,PHILLY CHEESESTEAK SL,1.0,,35455.0,autre
666,SAUSAGE PASTRY ROLL,1.0,,29091.0,autre
666,CREAMY BEEF CLS FTC,1.0,,42727.0,TRIPPLE CHEESE
666,AQUA BOTTLE,1.0,,10909.0,autre
666,LIPTON ICE TEA REGULA,2.0,,32728.0,autre
666,PAKET HAPPY HOUR,1.0,,27273.0,Original Hugarian 
667,KAKE UDON,1.0,,30909.0,autre
667,KITSUNE UDON (KIDS),1.0,,28182.0,NASI PUTIH
667,COLD OCHA,1.0,,10909.0,NASI PUTIH
667,SKEWERED TOFU ROLL,1.0,,12727.0,TWIST DONUT
667,EBI TEMPURA,1.0,,13636.0,NASI PUTIH
668,BEEF CURRYRICE,1.0,,49091.0,autre
668,EBI TEMPURA,1.0,,13636.0,NASI PUTIH
668,SKEWERED TOFU ROLL,1.0,,12727.0,TWIST DONUT
668,HOT OCHA,1.0,,10909.0,NASI PUTIH
669,Round Wagyu (1gr),,,53200.0,6001-Plastic Bag S
670,Solar,38835.0,5150.0,200000.0,autre
671,Lychee Tea,1.0,,20000.0,ICED TEA
672,ICED TT,,,20000.0,ICED TEA
673,Caramel Small,1.0,,38000.0,TWIST DONUT
674,UDANG REBUS (M),1.0,,162000.0,GONG GIBAB
674,AGSIO TH PC JMR,1.0,,147000.0,Original Hugarian 
674,AYAM GR KERING,1.0,,108000.0,GONG GIBAB
674,BIHUN GORENG JJ,1.0,,87000.0,Original Hugarian 
674,NASI GORENG NJUN,1.0,,87000.0,Original Hugarian 
674,HOT TEA,5.0,12000.0,60000.0,ICED TEA
674,IKAN GURAME MED SOP IKAN,1.0,,158000.0,Original Hugarian 
674,CUMI GR JUNJAN,1.0,,172000.0,Original Hugarian 
674,SUP BURUNG DARA,1.0,,38000.0,Original Hugarian 
674,ICED TEA,1.0,,12000.0,ICED TEA
674,CHINESE TEA KWAN'IM,1.0,,14000.0,ICED TEA
674,NASI PUTIH,2.0,10000.0,20000.0,NASI PUTIH
675,Salted Egg Yolk Chicken,1.0,,45000.0,autre
676,,1.0,,22000.0,autre
677,CHOCO CUSTAF D PASTRY,1.0,,12000.0,autre
677,CUSTARD BRIC CHE,1.0,,9000.0,autre
678,RM0025 -RM. Tawar Polo,1.0,19000.0,19000.0,autre
679,KING DEAL FISH,1.0,,25000.0,TRIPPLE CHEESE
680,Fruit Compliment,1.0,,,autre
680,Udang Mentega Sdg (M,1.0,,162000.0,autre
680,Chinese Tea-Jasmine,2.0,,20000.0,autre
680,Buruno Gr IN,5.0,,230000.0,autre
680,Nasi Putih,5.0,,45000.0,NASI PUTIH
681,SALMON PESTO,1.0,,85500.0,TRIPPLE CHEESE
681,GRILLED SALMON TERIYAK,1.0,,177000.0,autre
681,MINERAL WATER,1.0,,23000.0,Mineral Water
681,FRESH FRUIT COCKTAIL,1.0,,65000.0,autre
682,NASI 2SAYUR TELR,,,15000.0,autre
683,Shampo Aloevera,1.0,46000.0,46000.0,autre
683,Sabun Propolis,1.0,31000.0,31000.0,autre
683,Sabun Transparant Madu,1.0,25000.0,25000.0,autre
684,CHOCOLATE SUNDAE,,,8636.0,TWIST DONUT
684,REGULAR FRIES,,,8636.0,TRIPPLE CHEESE
684,TakeAway Charge,,,909.0,6001-Plastic Bag S
685,SB 1 HC,1.0,,27727.0,6001-Plastic Bag S
685,Cream Soup,1.0,,8182.0,autre
686,CHEESE KC BOKUMBAP,1.0,39000.0,39000.0,autre
686,PAKET CHICKEN 3,1.0,35000.0,35000.0,TRIPPLE CHEESE
686,JAJANGMYEON,1.0,35000.0,35000.0,autre
687,AMBUSH DBL CHS BURG,8.0,,13200000.0,6001-Plastic Bag S
687,AMBUSH CHS BURGER,2.0,,2200000.0,TRIPPLE CHEESE
688,BUBBLE GUM,1.0,,18182.0,autre
688,CAPPUCINO BLEND,1.0,,20909.0,TWIST DONUT
688,STRAWBERRY,1.0,,18182.0,autre
688,COOKIES AND CREAM,1.0,,20909.0,autre
688,CHOCO ALMOND,1.0,,18182.0,TWIST DONUT
688,CAPPUCINO BLEND,1.0,,20909.0,TWIST DONUT
689,DADA DADA,1.0,22000.0,22000.0,autre
689,ateh Tawar ateh Tawar,1.0,2000.0,2000.0,autre
690,Giant Squid,1.0,,39000.0,autre
690,Milo Dino,1.0,,18000.0,autre
691,ISI CAMPUR,1.0,43636.0,43636.0,NASI PUTIH
691,AQUA BOTOL,1.0,9000.0,9000.0,Mineral Water
692,CHOCO ALMOND,1.0,,18182.0,TWIST DONUT
693,Toripaitan shoyu telur,,,71500.0,autre
693,Toripaitan Ekstrim telur,,,79200.0,autre
693,Green Tea cold,,,12100.0,autre
693,(Goreng)Ayam Gyoza,,,34100.0,autre
693,Mineral water(normal),,,8800.0,autre
694,Bio Solar,48540.0,5150.0,250000.0,Mineral Water
695,ICED TT,,,20000.0,ICED TEA
696,Spaghetti Deluxe,1.0,,8182.0,autre
696,Lychee Float,1.0,,5909.0,Mineral Water
696,SB 1 HC,1.0,,27727.0,6001-Plastic Bag S
696,Perkedel,1.0,,5909.0,TWIST DONUT
697,Hot Dog W Cheese,1.0,,44000.0,autre
698,CHEESE VOLCANO,1.0,,23000.0,TRIPPLE CHEESE
699,,2.0,5000.0,10000.0,autre
699,,1.0,20000.0,20000.0,autre
699,,1.0,55000.0,55000.0,autre
700,ROTI,6.0,5000.0,30000.0,NASI PUTIH
700,ROTI,3.0,4500.0,13500.0,NASI PUTIH
700,ROTI,2.0,6000.0,12000.0,NASI PUTIH
701,CHUM CHURUM,1.0,,150000.0,autre
701,CHAMISUL,3.0,,450000.0,autre
701,GONG GIBAB,3.0,,60000.0,GONG GIBAB
701,CHULPAN CHEESE DAK GALBI,1.0,,250000.0,autre
701,* MINERAL WATER,1.0,,13000.0,Mineral Water
701,CREAM TEOK PO KI,1.0,,110000.0,autre
701,CHUM CHURUM PEACH,8.0,,1200000.0,autre
701,PREMIUM YANGNYEOM GALBISAL,1.0,,250000.0,GONG GIBAB
701,CHAM KKOT SAL,2.0,,660000.0,autre
701,U SAM GYEOP,1.0,,160000.0,autre
701,CHEESE GAMJAJEON,1.0,,100000.0,autre
702,BIHUN CAMPUR,1.0,43181.0,43181.0,autre
702,JERUK MURNI,1.0,20000.0,20000.0,autre
702,ES NONA REGULAR,1.0,13000.0,13000.0,autre
703,Combo 1,2.0,,60000.0,6001-Plastic Bag S
704,H N Cheesy Chic,1.0,,18636.0,6001-Plastic Bag S
704,Rice Organik,1.0,,6818.0,Original Hugarian 
704,K.Chees Chic RC,1.0,,30455.0,6001-Plastic Bag S
704,MOCA FLT OVLTIN,1.0,,8636.0,NASI PUTIH
704,Perkedel,1.0,,5909.0,TWIST DONUT
704,FFries Large,1.0,,18182.0,6001-Plastic Bag S
705,ORIGINAL SALT,1.0,12000.0,12000.0,autre
706,SIRSAK,1.0,,10000.0,autre
706,SUNKIST,1.0,,10000.0,autre
707,CHEESE ROLLS 6PCS,1.0,,30000.0,autre
707,PAKET BER2 UP1,1.0,,74545.0,autre
708,PAKET BER4 UP2,1.0,,149091.0,autre
709,YANG YUM GUI,2.0,,194000.0,GONG GIBAB
709,MOKDENGSIM,1.0,,97000.0,autre
709,SAMGYOPSAL,2.0,,194000.0,GONG GIBAB
709,SOONDUBU CHIGE,1.0,,75000.0,6001-Plastic Bag S
709,GALBI TANG,1.0,,92000.0,GONG GIBAB
709,JINSENG SAMGYETANG,1.0,,135000.0,autre
709,JAP CHAE,2.0,,210000.0,Original Hugarian 
709,PAJON,1.0,,105000.0,autre
709,BIR BINTANG BOTOL ( ),2.0,,110000.0,autre
709,AQUA,2.0,,20000.0,Mineral Water
709,BULGOGI BIBIMBAB,1.0,,85000.0,autre
709,NASI(GONGGI BAB),2.0,,30000.0,GONG GIBAB
710,STBERRY MT (L) TOPPING,1.0,,27000.0,autre
711,UDG GR TLUR ASIN =*MEDIUM*=,1.0,,165000.0,autre
711,SAPO TH SEAFOOD =*MEDIUM*=,1.0,,129000.0,autre
711,CUMI GR JUNJAN =*MEDIUM*=,1.0,,129000.0,GONG GIBAB
711,BIHUN GORENG JJ =*MEDIUM*=,1.0,,87000.0,autre
711,OYONG 3 TELOR =*MEDIUM*=,1.0,,84000.0,autre
711,GURAME FILLET M ASAM MANIS,1.0,,163000.0,GONG GIBAB
711,CHINESE TE,2.0,14000.0,28000.0,NASI PUTIH
711,CRYSANTNUM,2.0,,,6001-Plastic Bag S
711,NASI PUTIH,8.0,10000.0,80000.0,NASI PUTIH
711,HOT TEA,3.0,12000.0,36000.0,ICED TEA
711,ICED TEA,3.0,12000.0,36000.0,ICED TEA
712,Luxury Jolie Mi,1.0,300000.0,300000.0,autre
713,THAI ICED COFFEE,1.0,22000.0,22000.0,ICED TEA
714,,1.0,8000.0,8000.0,autre
715,HOLDAK SET 1,1.0,,38636.0,autre
716,AMOUSH DBL CHS BURG,6.0,,9900000.0,autre
716,TAKE AWAY CHARGE,1.0,,100000.0,6001-Plastic Bag S
717,Coke (L),1.0,,25000.0,TWIST DONUT
717,XXI Java Tea Spc,1.0,,25000.0,ICED TEA
717,Extra Jelly Lychee,1.0,,5000.0,TWIST DONUT
718,SHARKIE FREEZE,1.0,,49000.0,autre
718,DINE FOR 2,1.0,,129000.0,6001-Plastic Bag S
718,DINE FOR 2,1.0,,129000.0,6001-Plastic Bag S
719,golden,1.0,490000.0,490000.0,autre
720,CARBONARA UDON,1.0,,49091.0,NASI PUTIH
720,ON TAMA UDON (HOT),1.0,,37273.0,autre
720,ABURA UDON (ORIGINAL),1.0,,40909.0,autre
720,GREEN BEAN KAKIAGE,1.0,,10000.0,autre
720,EGG TEMPURA,1.0,,8182.0,autre
720,HOT OCHA,1.0,,10909.0,NASI PUTIH
720,BEEF CURRY UDON,1.0,,49091.0,TRIPPLE CHEESE
720,BEEF CROQUETTE,1.0,,12727.0,autre
720,COLD OCHA,2.0,,21818.0,NASI PUTIH
721,TERITAMA 4 PCS,1.0,,36000.0,autre
722,CRUNCHY CHOC,,,157000.0,autre
722,FREE LILIN SPIRAL,5.0,0.0,0.0,autre
723,ALMOND CHOCO CREAM CHEESE,1.0,28000.0,28000.0,TRIPPLE CHEESE
724,SmokeBeef + NuTea,1.0,,21818.0,TWIST DONUT
725,CHOCO CUSTARD PASTRY,2.0,,24000.0,TWIST DONUT
725,APPLE CREAMCHEESE PASTRY,1.0,,13000.0,TWIST DONUT
725,REAL GANACHE,1.0,,16500.0,NASI PUTIH
725,POTATO SAUSAGE BREAD,1.0,,19000.0,TRIPPLE CHEESE
726,SAUSAGE DONUT,1.0,,13000.0,TWIST DONUT
726,TLJ CROQUETTE,1.0,,17000.0,NASI PUTIH
726,CORONET,2.0,,27000.0,6001-Plastic Bag S
726,SPOOKY SOBORO,2.0,,24000.0,NASI PUTIH
726,SCREAMING RED BEAN,1.0,,13000.0,TWIST DONUT
726,PIZZA TOAST,1.0,,16000.0,TRIPPLE CHEESE
727,Ayam Goreng Crispy Spicy,1.0,48000.0,48000.0,autre
727,Capcai Seafood,1.0,49000.0,49000.0,autre
727,Chinese Tea,1.0,20000.0,20000.0,ICED TEA
727,Nasi Putih,3.0,10000.0,30000.0,NASI PUTIH
727,Soup Baso Ikan,1.0,35000.0,35000.0,autre
728,Puppy Pao,1.0,12000.0,12000.0,autre
729,Mineral Water,1.0,,6364.0,Mineral Water
730,Roasted Milk Tea,1.0,,21000.0,autre
731,TEH PUCUK,1.0,,9091.0,autre
731,SPICY C CHEESE,1.0,,40000.0,autre
731,WOOSAM RICE R,1.0,,33636.0,GONG GIBAB
732,"['TAKEOUT(1):', 'Viet Latte']",1.0,,19000.0,autre
733,1023-Chocochip & Walnut,1.0,29000.0,29000.0,autre
733,6001-Plastic Bag Small,1.0,0.0,0.0,6001-Plastic Bag S
734,Goban Puas C,1.0,,50000.0,autre
735,TEH TAWAR,1.0,,5454.0,NASI PUTIH
735,AIR MINERAL,2.0,,15454.0,Mineral Water
735,I TRIPL CHZ,1.0,,18636.0,autre
735,I SPECIAL SBL MATAH,1.0,,18181.0,autre
735,I ROA GORENG SPC,1.0,,18181.0,autre
736,SmokeBeef + NuTea,1.0,,21818.0,TWIST DONUT
737,E Money Justice Leag,2.0,,150000.0,autre
738,MEDIUM FRIES,,,14545.0,autre
738,REGULAR COKE,,,7273.0,autre
738,K11 CHOCO 1217,,,5000.0,autre
739,Sprite (L).,1.0,,25000.0,autre
739,Lemon Tea (L).,1.0,,25000.0,ICED TEA
739,Extra Jelly Lychee.,2.0,,10000.0,autre
740,M-Ovaltine Macchiat,2.0,31000.0,62000.0,autre
740,M-Konjac Milk Tea,1.0,32000.0,32000.0,autre
741,3002-Kyoto Choco Mochi,1.0,14000.0,14000.0,6001-Plastic Bag S
741,1009-Honey Pistachio,1.0,39000.0,39000.0,autre
741,6001-Plastic Bag Small,1.0,0.0,0.0,6001-Plastic Bag S
742,KWE BUN SAPI,,,39090.0,autre
742,KWE GR CMP,,,39090.0,autre
743,Ayam Asam Manis M,1.0,,94000.0,autre
743,Ikan Gurame Tahu M,1.0,,108000.0,autre
743,Pocai 3 Telor M,1.0,,112000.0,autre
743,Sapo Tohu Sea M,1.0,,112000.0,autre
743,Udang Gandum L,1.0,,212000.0,autre
744,FL Cake-French,2.0,,61818.0,autre
744,Red Velvet S,1.0,,36360.0,autre
745,GUARDIAN F/TISUE,,,3400.0,autre
746,Ice t grentea,1.0,22000.0,22000.0,NASI PUTIH
747,Lemon,1.0,,10000.0,autre
748,GIANT FCL TISSUE,,,9500.0,autre
748,MITU S/C BLUE,,,14200.0,autre
748,PPSODENT TP WHTNG,,,16600.0,autre
748,FORMULA S/P P,,,11400.0,autre
748,NICE TRAVEL PACK,,,2700.0,6001-Plastic Bag S
748,RICHEESE WFR KJ P,,,7500.0,Original Hugarian 
748,RICHOCO WFR CH P1,,,8600.0,6001-Plastic Bag S
748,JERUK LEMON IMP,896.0,49900.0,44710.0,Original Hugarian 
748,GOLIA ACTIV PLS 4,,,6200.0,6001-Plastic Bag S
748,S/QUEEN MONTES 50,,,13500.0,6001-Plastic Bag S
748,S/QUEEN MONTES 50,,,13500.0,6001-Plastic Bag S
748,DELFI C/CHA MINIS,,,6700.0,6001-Plastic Bag S
749,WAXING UNDER ARM,1.0,100000.0,100000.0,TWIST DONUT
750,Bakpao telur asin,1.0,,22800.0,Original Hugarian 
750,Cai Mieo,1.0,,15800.0,NASI PUTIH
750,caisim special,1.0,,15800.0,NASI PUTIH
750,Carsiupau Ayam,1.0,,22800.0,GONG GIBAB
750,Fish Glue,1.0,,27800.0,TRIPPLE CHEESE
750,Jamur Isi Ayam,1.0,,32800.0,GONG GIBAB
750,Jamur Kuping,1.0,,21800.0,Original Hugarian 
750,Kailan hongkong,1.0,,15800.0,Original Hugarian 
750,Kuah Kaldu Ayam,1.0,,,GONG GIBAB
750,Kue Macok,1.0,,22800.0,Original Hugarian 
750,Pangsit Special,1.0,,27800.0,6001-Plastic Bag S
750,Sirloin Roll Enoki,1.0,,34800.0,6001-Plastic Bag S
750,Sutake Kombinasi,1.0,,31800.0,Original Hugarian 
750,Tahu Jepang,1.0,,10800.0,Original Hugarian 
750,Tahu Sandwidh,1.0,,26800.0,Original Hugarian 
750,TOM YAM,1.0,,,NASI PUTIH
750,Udon,1.0,,19800.0,6001-Plastic Bag S
750,Chines Tea Green Tea,2.0,,21600.0,ICED TEA
750,Tahu Isi Ayam,2.0,,55600.0,GONG GIBAB
750,Green tea Dingin,5.0,,84000.0,ICED TEA
750,Nasi Putih,7.0,,68600.0,NASI PUTIH
750,Bakso Ikan,1.0,,25800.0,Original Hugarian 
751,MIE + AYAM KATSU TERI...,1.0,,31819.0,GONG GIBAB
751,MIE SIRAM AYAM,1.0,,30910.0,GONG GIBAB
751,NASI GORENG SPC,1.0,,30001.0,Original Hugarian 
751,ES JERUK,2.0,,34546.0,Original Hugarian 
751,FRENCH FRIES,1.0,,18182.0,TRIPPLE CHEESE
752,PECEL MADIUN,1.0,,39500.0,Original Hugarian 
752,AIR MINERAL,1.0,,10000.0,Mineral Water
753,GANACHE MOUSSE PIECE,1.0,,32500.0,NASI PUTIH
754,Crunchy Wings(5) Luisiana,5.0,,190910.0,TWIST DONUT
754,Bogo (5) Boneless,5.0,,0.0,autre
754,Steam Rice,4.0,,29092.0,ICED TEA
754,FF SoftDrink (M),2.0,,30910.0,autre
754,Mush Fritters,1.0,,22727.0,autre
755,Seaweed Chicken,1.0,,42000.0,TRIPPLE CHEESE
756,Se'i Sapi Sambal Lu'at (R),1.0,,20000.0,autre
756,Lidah Asap Sambal Lu'at ( R ),1.0,,30000.0,autre
756,Nasi Putih,2.0,,10000.0,NASI PUTIH
756,Jus Jeruk,1.0,,12000.0,autre
757,Cuci,10.0,,0.0,autre
757,B Pjg/Vr 3,10.0,,92000.0,autre
758,HAZELNUT CHOCO III (R),1.0,,24000.0,autre
759,TWIST DONUT,1.0,9000.0,9000.0,TWIST DONUT
759,MILK PASTRY ROLL,1.0,9000.0,9000.0,TWIST DONUT
759,[MD] SOFT STEAMED CHOCOCAKE,1.0,10000.0,10000.0,autre
759,REDBEAN BREAD,1.0,9000.0,9000.0,TWIST DONUT
759,KAYA BUN,1.0,9500.0,9500.0,NASI PUTIH
759,PREMIUM MILK PAN BREAD,1.0,17500.0,17500.0,TRIPPLE CHEESE
760,Pdg Madness,1.0,,13000.0,6001-Plastic Bag S
760,BCT,1.0,,15000.0,6001-Plastic Bag S
761,Lemon Tea (L),1.0,,25000.0,ICED TEA
761,Popcorn Salt (M),1.0,,40000.0,TWIST DONUT
762,Spicy Tuna,1.0,,16363.0,autre
763,"SKECHERS GIRLS NO COLOR, 4",1.0,39900000.0,39900000.0,autre
764,CB PR SIRLOIN,1.0,162000.0,162000.0,6001-Plastic Bag S
764,ES TEH TAWAR,1.0,8000.0,8000.0,NASI PUTIH
764,COCA COLA,1.0,13000.0,13000.0,TWIST DONUT
765,Viet Milk Coffee,1.0,,25000.0,ICED TEA
766,[MD] SOFT MORNING ROLL,1.0,,18000.0,autre
766,REAL HONEY PANCAKE BREAD,2.0,,20000.0,autre
766,CUSTARD BRIOCHE,4.0,,36000.0,6001-Plastic Bag S
767,JUICE JAMBU,1.0,,16364.0,autre
767,TEH TAWAR,1.0,,5455.0,NASI PUTIH
767,N AYM PENYET SAMBAL MATAH,1.0,,25455.0,autre
767,TAHU DOMBA MEMBARA,1.0,,13636.0,autre
767,TP KULIT,1.0,,12273.0,autre
768,TWIST DONUT,1.0,,9000.0,TWIST DONUT
768,PAIN AU CAFE MOCHA,4.0,,46000.0,autre
768,POTATO SAUSAGE BREAD,1.0,,19000.0,TRIPPLE CHEESE
768,ROYAL CHEESE TART,1.0,,16000.0,TRIPPLE CHEESE
769,Avocado with Rock Salt and Cocoa Cream [L],1.0,,27273.0,autre
770,Night cream Soybean,1.0,67000.0,67000.0,autre
771,Cheese Tart,1.0,,2900000.0,TRIPPLE CHEESE
772,4005-Maple glazed,1.0,25000.0,25000.0,6001-Plastic Bag S
772,6001-Plastic Bag Small,1.0,0.0,0.0,6001-Plastic Bag S
773,CHOCO CUSTARD PASTRY,1.0,,12000.0,TWIST DONUT
773,CUSTARD BRIOCHE,1.0,,9000.0,6001-Plastic Bag S
774,SANGU TIMBEL KOMPLIT,1.0,,45000.0,autre
774,SANGU TUTUG ONCOM,1.0,,45000.0,autre
774,TOGE LAUK ASIN,1.0,,20000.0,autre
774,TERONG BEJEUG,1.0,,15000.0,autre
774,TEH SEREH,1.0,,25000.0,autre
775,GREENTEA BLENDED CREAM,1.0,,20909.0,autre
776,Nasgor Jawa,1.0,,32727.0,autre
776,Jeruk Panas,1.0,,19091.0,autre
776,Air Mineral,1.0,,9091.0,Mineral Water
777,CHINESE TE,3.0,14000.0,42000.0,NASI PUTIH
777,CRYSANTNUM,3.0,,,6001-Plastic Bag S
777,CHINESE TE,3.0,14000.0,42000.0,NASI PUTIH
777,CRYSANTNUM,3.0,,,6001-Plastic Bag S
777,KRPU MCN TIM 700,1.0,,364000.0,autre
777,AYM RBS 1 EKOR,1.0,,190000.0,autre
777,AGSIO TH PC JMR,1.0,,98000.0,Original Hugarian 
777,POCAI BWG PUTIH,1.0,,84000.0,NASI PUTIH
777,NASI PUTIH,5.0,10000.0,50000.0,NASI PUTIH
777,IKAN MALAS 650GR,1.0,,364000.0,Original Hugarian 
777,AGSIO TH PC JMR,1.0,,98000.0,Original Hugarian 
778,Cheese Tart Original,1.0,,16360.0,autre
778,FL Mille Crepes -,1.0,,33181.0,autre
779,RISOL ROGUT,1.0,8182.0,8182.0,TWIST DONUT
779,MINERALWATER,1.0,5454.0,5454.0,autre
780,PAKET NYLON HEADBAND,1.0,,105000.0,autre
781,Paket KP1,1.0,,45455.0,autre
782,YIFUMI,1.0,,41818.0,NASI PUTIH
782,Yi Fu Mies Small,1.0,,31818.0,autre
782,Bakmi Ayam,1.0,,28182.0,autre
782,1/2 Baso Sapi,1.0,,15454.0,Original Hugarian 
782,Es Teh,1.0,,5454.0,NASI PUTIH
783,Caramel Medium,1.0,,50000.0,TWIST DONUT
784,Chicken Mushroom Puf f,2.0,10000.0,20000.0,autre
785,SALMON PESTO,1.0,,85500.0,TRIPPLE CHEESE
785,SALMON PESTO,1.0,,85500.0,TRIPPLE CHEESE
786,ROYAL CHEESE TART,2.0,,32000.0,TRIPPLE CHEESE
787,LS TOILETBRUSH102,1.0,38900.0,38900.0,autre
787,TAMMIA 259,1.0,25900.0,25900.0,autre
787,WDH SUN GEL 40ML,1.0,33500.0,33500.0,autre
787,TAM 424 BUFFER 219,1.0,21900.0,21900.0,6001-Plastic Bag S
787,SIKAT BOTOL/BSC,1.0,67600.0,67600.0,Original Hugarian 
787,GOCUJANG H.200G,1.0,27400.0,27400.0,6001-Plastic Bag S
787,PM CABE HIJAU CURA,64.0,37500.0,2400.0,Original Hugarian 
787,TIMUN JEPANG,482.0,30900.0,14894.0,Original Hugarian 
787,KONGKEE TOFU JEPUN,1.0,7420.0,7420.0,Original Hugarian 
787,+PALM SHW GEL 450,1.0,33500.0,33500.0,6001-Plastic Bag S
788,MIE MERAH PG,1.0,,38181.0,NASI PUTIH
788,MIE CINCANG,1.0,,19090.0,Original Hugarian 
788,HAI CMP SPC,1.0,,50000.0,6001-Plastic Bag S
789,SmokeBeef + NuTea,1.0,,21818.0,TWIST DONUT
790,Dimsum,2.0,,30000.0,6001-Plastic Bag S
791,MANUKA HONEY,,,385000.0,TWIST DONUT
792,KOPI CAM,1.0,,20000.0,6001-Plastic Bag S
793,Ice thai tea,1.0,20000.0,20000.0,ICED TEA
794,PAKET WEEKEND 1,13.0,55000.0,715000.0,autre
794,PAKET WEEKEND 2,6.0,80000.0,480000.0,autre
794,ES JERUK,1.0,,13000.0,Original Hugarian 
794,ES TEH TAWAR,1.0,,3000.0,NASI PUTIH
794,KOPI HITAM,1.0,,8500.0,autre
794,ES BATU,1.0,,1000.0,autre
795,DIHUN CAMPUR,1.0,43636.0,43636.0,autre
796,1066-Choconut Bun,1.0,28000.0,28000.0,autre
796,6001-Plastic Bag Small,1.0,0.0,0.0,6001-Plastic Bag S
797,GRILLED BABY POTATO ( R,1.0,,50500.0,autre
797,HOT TUNA,1.0,,67000.0,TRIPPLE CHEESE
797,HOT TUNA,1.0,,67000.0,TRIPPLE CHEESE
798,Lemon Tea (L).,1.0,,25000.0,ICED TEA
799,Es Kopi Rupa,1.0,,18000.0,Original Hugarian 
